ADATE,day,month,year,SITE,Cl(microeqs),so4(microeqs),DOC,PH,ALK(microeq),COND,NO3(microeqs),PO4,SOL.AL,NL.AL,L.AL,DOC,Na(microeqs),K(microeqs),Ca(microeqs),Mg(microeqs),SI,MN,FE,ANC
04 July 1988,4,7,1988,1,177.723,41.66,0.6,6.96,89,37,1.285704,0.0025,8,2,7,0.6,204.45,9.4609,62.375,60.0498,0.4,0.0015,0.02,91.22
05 September 1988,5,9,1988,1,160.797,27.079,1.3,6.04,18,28,5.71424,0.0025,11,11,2,1.3,169.65,15.0863,17.465,34.5492,0.4,0.01,0.03,24.22
05 December 1988,5,12,1988,1,236.964,43.743,1.3,6.3,28,31,7.1428,0.0025,12,9,2,1.3,208.8,8.4381,39.92,61.695,0.7,0.0015,0.03,34.17
06 March 1989,6,3,1989,1,665.756,54.158,0.8,6.04,12,85,1.285704,0.0025,21,15,6,0.8,495.9,14.3192,69.86,151.3584,0.5,0.01,0.015,15.33
05 June 1989,5,6,1989,1,318.773,47.909,1.6,6.6,56,45,2.999976,0.0025,7,6,2,1.6,278.4,12.5293,61.377,75.6792,0.5,0.0015,0.025,63.72
04 September 1989,4,9,1989,1,166.439,31.245,2.1,6.43,30,26,1.285704,0.0025,12,12,2,2.1,169.65,6.3925,29.94,37.017,0.4,0.005,0.035,40.22
04 December 1989,4,12,1989,1,211.575,39.577,1.1,6.66,54,36,4.99996,0.0025,6,5,2,1.1,208.8,9.4609,46.407,55.9368,0.7,0.003,0.025,59.22
05 March 1990,5,3,1990,1,471.107,52.075,1.4,5.75,4,67,1.285704,0.0025,11,9,2,1.4,378.45,14.3192,43.912,97.0668,0.4,0.007,0.015,10.72
04 June 1990,4,6,1990,1,321.594,41.66,1.3,6.75,56,46,1.285704,0.0025,2,2,2,1.3,274.05,10.228,54.391,76.5018,0.4,0.005,0.025,62.22
03 September 1990,3,9,1990,1,124.124,29.162,3.1,6.13,23,21,1.285704,0.0025,40,33,7,3.1,130.5,6.9039,18.962,25.5006,0.4,0.004,0.035,37.72
03 December 1990,3,12,1990,1,228.501,45.826,1.8,6.51,37,36,3.999968,0.0025,8,8,2,1.8,213.15,14.3192,43.912,57.582,0.7,0.003,0.02,45.72
04 March 1991,4,3,1991,1,273.637,49.992,1.8,6.48,34,43,7.999936,0.0025,14,14,2,1.8,230.55,8.1824,44.91,62.5176,0.6,0.004,0.015,42.72
03 June 1991,3,6,1991,1,236.964,39.577,1.7,6.61,60,38,1.285704,0.0025,7,2,2,1.7,208.8,8.1824,48.902,55.1142,0.3,0.0015,0.02,68.06
02 September 1991,2,9,1991,1,143.871,37.494,2.5,6.68,49,30,1.285704,0.0025,11,8,2,2.5,169.65,2.557,40.918,40.3074,0.4,0.0015,0.055,61.17
02 December 1991,2,12,1991,1,287.742,45.826,1.1,6.13,18,39,2.999976,0.0025,22,22,2,1.1,234.9,7.9267,34.431,56.7594,0.5,0.004,0.025,23.22
02 March 1992,2,3,1992,1,304.668,43.743,1.1,6.12,30,43,2.999976,0.0025,10,10,2,1.1,247.95,7.9267,34.431,60.0498,0.4,0.004,0.015,35.22
01 June 1992,1,6,1992,1,239.785,39.577,1.3,6.87,57,37,1.285704,0.0025,2,2,2,1.3,217.5,6.1368,50.898,58.4046,0.3,0.0015,0.015,63.22
07 September 1992,7,9,1992,1,160.797,27.079,3.1,6.16,22,25,1.285704,0.0025,20,15,5,3.1,156.6,6.3925,21.457,32.904,0.4,0.003,0.035,36.94
07 December 1992,7,12,1992,1,239.785,33.328,0.1,6.4,16,33,1.285704,0.0025,19,19,2,0.1,200.1,6.9039,26.946,49.356,0.4,0.003,0.02,16.22
01 March 1993,1,3,1993,1,516.243,52.075,0.8,6.1,17,69,2.999976,0.0025,8,8,2,0.8,395.85,14.0635,57.385,108.5832,0.5,0.006,0.02,20.72
07 June 1993,7,6,1993,1,267.995,43.743,2.2,6.72,58,38,1.285704,0.0025,9,9,2,2.2,247.95,14.0635,53.393,62.5176,0.4,0.004,0.035,68.72
06 September 1993,6,9,1993,1,177.723,39.577,3.1,6.76,59,32,1.285704,0.0025,8,8,2,3.1,191.4,8.6938,45.409,45.243,0.4,0.0015,0.05,74.22
06 December 1993,6,12,1993,1,265.174,49.992,3.3,6.14,22,41,2.999976,0.0025,19,13,6,3.3,256.65,9.2052,40.419,60.8724,0.6,0.004,0.04,37.83
07 March 1994,7,3,1994,1,423.15,56.241,0.9,6.16,18,56,4.99996,0.0025,15,15,2,0.9,352.35,10.4837,47.405,84.7278,0.5,0.005,0.015,22.22
07 June 1994,7,6,1994,1,251.069,43.743,2.7,6.5,42,40,1.285704,0.0025,15,13,2,2.7,217.5,7.9267,39.92,51.0012,0.4,0.0015,0.015,55.22
05 September 1994,5,9,1994,1,177.723,35.411,3.5,6.52,47,30,1.285704,0.0025,30,26,2,3.5,182.7,6.1368,39.421,45.243,0.6,0.004,0.06,64.06
05 December 1994,5,12,1994,1,191.828,39.577,2.4,6.5,36,35,3.999968,0.0025,20,18,2,2.4,195.75,8.6938,37.924,45.243,0.7,0.0015,0.035,47.72
06 March 1995,6,3,1995,1,338.52,37.494,1.5,6.15,18,40,2.999976,0.0025,10,10,2,1.5,287.1,2.557,38.423,67.4532,0.4,0.004,0.015,25.22
05 June 1995,5,6,1995,1,172.081,35.411,3.7,6.6,53,31,1.285704,0.0025,21,20,2,3.7,191.4,5.3697,38.922,44.4204,0.4,0.0015,0.02,71.22
04 September 1995,4,9,1995,1,160.797,37.494,4.2,6.57,70,33,2.571408,0.0025,21,19,2,4.2,191.4,5.8811,51.397,54.2916,0.7,0.0015,0.09,90.72
04 December 1995,4,12,1995,1,129.766,31.245,2.9,6.33,38,24,3.714256,0.0025,23,23,2,2.9,147.9,6.1368,27.445,33.7266,0.7,0.004,0.05,52.22
05 March 1996,5,3,1996,1,251.069,45.826,1.8,6.2,44,40,7.49994,0.0025,15,14,2,1.8,226.2,8.4381,47.904,61.695,0.6,0.03,0.015,52.72
04 June 1996,4,6,1996,1,248.248,39.577,4.3,6.1,31,41,1.285704,0.0025,36,33,2,4.3,243.6,5.8811,45.908,64.9854,0.5,0.005,0.045,52.17
03 September 1996,3,9,1996,1,135.408,31.245,5.2,6.66,55,26,1.285704,0.0025,27,26,2,5.2,143.55,6.9039,36.427,37.017,0.5,0.0015,0.06,80.72
02 December 1996,2,12,1996,1,315.952,43.743,2,6.23,24,41,4.714248,0.0025,15,15,2,2,252.3,8.4381,40.419,72.3888,0.6,0.004,0.03,33.72
03 March 1997,3,3,1997,1,513.422,52.075,1.2,5.77,4,70,1.285704,0.0025,10,8,2,1.2,387.15,11.2508,52.894,110.2284,0.2,0.008,0.015,9.72
03 June 1997,3,6,1997,1,200.291,33.328,2.5,6.79,54,35,1.285704,0.0025,12,12,2,2.5,195.75,7.4153,43.413,51.8238,0.4,0.004,0.015,66.22
02 September 1997,2,9,1997,1,138.229,33.328,4.8,6.73,68,29,1.285704,0.0025,26,24,2,4.8,160.95,5.3697,49.401,42.7752,0.4,0.008,0.1,91.72
01 December 1997,1,12,1997,1,169.26,35.411,2.7,6.6,49,29,5.071388,0.0025,15,15,2,2.7,169.65,7.4153,41.417,45.243,0.8,0.0015,0.04,62.22
03 March 1998,3,3,1998,1,315.952,43.743,1.6,5.95,12,44,1.285704,0.0025,14,13,2,1.6,252.3,8.6938,34.431,68.2758,0.4,0.005,0.03,19.72
01 June 1998,1,6,1998,1,222.859,39.577,2.2,6.87,76,35,1.285704,0.0025,7,6,2,2.2,208.8,7.9267,56.886,57.582,0.4,0.0015,0.02,86.72
07 September 1998,7,9,1998,1,121.303,29.162,4.3,6.54,49,24,1.285704,0.0025,19,18,2,4.3,139.2,6.6482,30.439,32.0814,0.5,0.011,0.055,70.22
08 December 1998,8,12,1998,1,282.1,35.411,3.3,6.33,29,42,3.21426,0.0025,12,11,2,3.3,239.25,8.4381,46.906,60.8724,0.7,0.0015,0.025,45.22
01 March 1999,1,3,1999,1,490.854,49.992,1.6,6.03,12,62,1.285704,0.0025,9,8,2,1.6,378.45,13.2964,47.405,103.6476,0.4,0.006,0.02,19.72
07 June 1999,7,6,1999,1,276.458,33.328,2.9,6.43,46,40,1.285704,0.008,11,11,2,2.9,234.9,8.6938,45.908,61.695,0.4,0.005,0.015,60.22
06 September 1999,6,9,1999,1,141.05,43.743,5.8,6.19,35,23,1.285704,0.0025,30,28,2,5.8,165.3,3.8355,46.906,46.0656,0.7,0.006,0.23,63.72
03 December 1999,3,12,1999,1,389.298,43.743,1.8,5.9,11,54,2.571408,0.0025,12,12,2,1.8,308.85,8.1824,42.914,86.373,0.5,0.006,0.0075,19.72
06 March 2000,6,3,2000,1,468.286,43.743,1.3,6.06,13,59,1.285704,0.0025,8,8,2,1.3,365.4,9.7166,44.91,90.486,0.4,0.005,0.0075,19.22
05 June 2000,5,6,2000,1,276.458,35.411,3.6,6.57,53,41,1.285704,0.0025,38,34,2,3.6,243.6,7.4153,52.894,61.695,0.3,0.001,0.001,70.56
04 September 2000,4,9,2000,1,239.785,29.162,4.7,6.62,70,38,1.285704,0.0025,28,26,2,4.7,221.85,12.0179,55.389,55.9368,0.4,0.008,0.06,93.22
04 December 2000,4,12,2000,1,222.859,31.245,3.2,6.21,23,32,1.285704,0.0025,18,13,5,3.2,200.1,6.3925,29.441,43.5978,0.7,0.003,0.037,38.44
02 April 2001,2,4,2001,1,270.816,43.743,2.4,6.58,47,45,3.5714,0.0025,16,8,8,2.4,243.6,10.7394,50.399,60.0498,0.6,0.007,0.027,58.11
04 June 2001,4,6,2001,1,205.933,33.328,4,6.44,37,33,1.285704,0.0025,12,12,2,4,195.75,4.8583,38.922,48.5334,0.05,0.008,0.038,56.72
03 September 2001,3,9,2001,1,118.482,24.996,5.9,6.26,33,23,1.285704,0.0025,29,27,2,5.9,134.85,5.3697,30.938,33.7266,0.6,0.007,0.075,62.22
03 December 2001,3,12,2001,1,191.828,27.079,2.7,5.96,15,30,1.285704,0.0025,17,17,2,2.7,174,7.9267,23.453,41.9526,0.5,0.003,0.026,28.22
04 March 2002,4,3,2002,1,344.162,35.411,1.8,5.88,9,49,2.714264,0.0025,9,8,2,1.8,274.05,7.9267,33.932,68.2758,0.4,0.006,0.017,17.7778
03 June 2002,3,6,2002,1,293.384,33.328,2.8,6.64,45,45,2.214268,0.0005,14,13,2,2.8,256.65,7.671,50.399,69.921,0.6,0.0114,0.041,58.7778
01 September 2002,1,9,2002,1,177.723,31.245,5,6.7,72,33,2.214268,0.0005,7,7,2,5,174,6.1368,50.399,53.469,0.87,0.001,0.131,96.7778
02 December 2002,2,12,2002,1,220.038,37.494,3.3,6.6,45,43,2.214268,0.0005,15,12,2,3.3,174,9.4609,44.91,53.469,0.86,0.011,0.049,61.2778
01 March 2003,1,3,2003,1,361.088,45.826,1.8,6.53,32,55,2.214268,0.0005,2,2,2,1.8,274.05,8.9495,51.397,83.9052,0.69,0.003,0.013,40.7778
09 September 1988,9,9,1988,4,50.778,52.075,0.4,5.4,1,18,12.85704,0.0025,25,14,11,0.4,69.6,8.9495,24.95,17.2746,1,0.01,0.015,1.58
08 December 1988,8,12,1988,4,50.778,56.241,0.7,5.3,0,15,22.14268,0.0025,41,2,39,0.7,73.95,5.8811,24.95,27.1458,1.1,0.01,0.015,-1.18
03 March 1989,3,3,1989,4,166.439,85.403,2.1,5.52,4,35,7.85708,0.0025,48,35,13,2.1,174,19.4332,49.9,54.2916,1.5,0.01,0.015,13.06
02 June 1989,2,6,1989,4,95.914,62.49,0.9,5.46,2,21,9.99992,0.0025,27,5,22,0.9,95.7,7.1596,32.934,34.5492,1.1,0.009,0.015,3.61
06 September 1989,6,9,1989,4,84.63,58.324,0.9,5.49,2,19,11.999904,0.0025,2,2,2,0.9,91.35,7.1596,29.94,34.5492,1,0.011,0.015,5.72
03 December 1989,3,12,1989,4,78.988,58.324,0.8,5.22,-2,17,10.999912,0.0025,28,27,2,0.8,82.65,6.1368,25.948,32.904,0.9,0.01,0.015,1.32
04 March 1990,4,3,1990,4,93.093,56.241,1.1,5.22,-2,23,12.85704,0.0025,26,22,2,1.1,91.35,5.6254,26.447,33.7266,1.1,0.008,0.015,2.51
07 June 1990,7,6,1990,4,73.346,56.241,1.3,5.38,2,22,1.285704,0.0025,37,12,25,1.3,87,6.1368,35.928,26.3232,1,0.004,0.025,5.07
06 September 1990,6,9,1990,4,84.63,58.324,0.4,5.25,-1,20,8.999928,0.0025,40,40,2,0.4,82.65,7.4153,25.449,31.2588,0.9,0.008,0.015,0.52
04 December 1990,4,12,1990,4,81.809,60.407,0.6,5.45,1,18,10.999912,0.0025,26,10,16,0.6,87,2.557,30.439,33.7266,1.1,0.01,0.015,1.92
06 March 1991,6,3,1991,4,67.704,56.241,1.4,5.24,2,27,1.285704,,16,7,9,1.4,73.95,13.8078,21.457,18.9198,0.3,0.012,0.05,7.3
07 June 1991,7,6,1991,4,90.272,54.158,0.7,5.58,2,20,14.99988,0.0025,29,16,13,0.7,87,6.9039,25.948,31.2588,0.9,0.007,0.015,4.06
03 September 1991,3,9,1991,4,81.809,56.241,0.9,5.48,-1,18,11.999904,,15,12,2,0.9,87,5.8811,27.445,32.904,1,0.009,0.015,2.72
02 December 1991,2,12,1991,4,87.451,64.573,0.6,5.41,-4,20,14.99988,0.0025,30,16,14,0.6,91.35,7.4153,26.946,32.904,1.1,0.007,0.015,-2.86
11 March 1992,11,3,1992,4,84.63,83.32,0.2,5.47,1,4,1.285704,0.0025,6.5,2,2,0.2,87,0,0,4.113,,,,1.62
04 June 1992,4,6,1992,4,84.63,56.241,0.5,5.53,3,22,4.99996,0.0025,35,14,21,0.5,91.35,7.1596,28.942,33.7266,1.1,0.008,0.015,3.17
03 September 1992,3,9,1992,4,87.451,58.324,1.3,5.81,12,22,9.99992,0.0025,14,11,2,1.3,95.7,9.7166,28.443,32.0814,1.2,0.008,0.015,18.17
04 December 1992,4,12,1992,4,81.809,60.407,0.7,5.41,2,21,13.999888,0.0025,16,9,7,0.7,91.35,5.3697,29.441,32.904,1.2,0.007,0.015,4.37
09 March 1993,9,3,1993,4,126.945,58.324,1,5.01,-7,28,20.999832,0.0025,147,10,137,1,113.1,2.557,26.447,28.791,1.2,0.009,0.015,-17.72
05 June 1993,5,6,1993,4,93.093,56.241,0.3,5.61,4,23,17.999856,0.032,9,5,2,0.3,91.35,9.4609,26.447,33.7266,1,0.007,0.015,5.06
01 September 1993,1,9,1993,4,87.451,56.241,0.6,5.7,10,22,15.999872,0.0025,6,2,2,0.6,95.7,12.5293,27.944,31.2588,0.9,0.008,0.015,12.72
04 December 1993,4,12,1993,4,98.735,62.49,1.6,4.95,-10,27,18.999848,0.0025,105,34,71,1.6,95.7,8.4381,30.938,37.017,1,0.008,0.015,-10.69
28 March 1994,28,3,1994,4,132.587,58.324,0.7,5.05,-5,29,27.999776,0.0025,125,16,109,0.7,126.15,6.3925,31.936,40.3074,1.1,0.008,0.015,-13.96
01 June 1994,1,6,1994,4,95.914,54.158,0.9,5.26,-3,22,19.99984,0.0025,40,17,23,0.9,91.35,7.4153,24.95,28.791,0.9,0.006,0.015,-1.51
04 September 1994,4,9,1994,4,84.63,56.241,0.5,5.4,3,20,18.999848,0.0025,25,10,15,0.5,87,6.9039,26.946,31.2588,0.8,0.007,0.015,3.58
05 December 1994,5,12,1994,4,84.63,58.324,0.9,5.44,2,23,18.999848,0.0025,34,12,22,0.9,95.7,6.3925,30.439,32.904,1.3,0.005,0.015,3.61
03 March 1995,3,3,1995,4,118.482,47.909,1.2,5.15,-4,26,20.999832,0.0025,74,31,43,1.2,117.45,5.6254,27.944,34.5492,0.9,0.009,0.015,-3.38
04 June 1995,4,6,1995,4,84.63,47.909,1.1,5.27,8,23,17.999856,0.0025,58,34,24,1.1,87,5.6254,26.447,27.9684,0.9,0.005,0.015,10.28
09 September 1995,9,9,1995,4,67.704,45.826,3.4,5.18,6,20,13.999888,0.0025,65,41,24,3.4,82.65,2.557,25.449,32.904,0.9,0.011,0.025,18.63
06 December 1995,6,12,1995,4,70.525,56.241,1.8,5.38,9,20,16.999864,0.0025,32,21,11,1.8,87,6.1368,27.944,27.9684,1.3,0.006,0.015,15.88
07 March 1996,7,3,1996,4,98.735,58.324,1.1,5.22,7,22,21.999824,0.0025,52,18,34,1.1,104.4,2.557,30.439,32.904,1.2,0.006,0.015,8.17
06 June 1996,6,6,1996,4,98.735,62.49,1,5.02,-4,28,30.999752,0.0025,98,12,86,1,100.05,6.9039,32.435,38.6622,0.8,0.011,0.015,-9.06
04 September 1996,4,9,1996,4,93.093,60.407,1.1,5.25,-4,25,28.999768,0.0025,50,15,35,1.1,95.7,6.6482,41.417,35.3718,1,0.012,0.015,-2.94
01 December 1996,1,12,1996,4,95.914,52.075,1.2,5.18,-5,22,26.999784,0.0025,53,15,38,1.2,100.05,6.9039,30.439,36.1944,1,0.008,0.015,-3.82
09 March 1997,9,3,1997,4,101.556,56.241,1.3,5.12,-4,25,21.999824,0.0025,55,19,36,1.3,104.4,6.6482,31.437,36.1944,1.1,0.008,0.015,-2.15
04 June 1997,4,6,1997,4,78.988,52.075,2.6,5.42,-1,22,17.999856,0.0025,29,18,11,2.6,82.65,5.6254,25.948,31.2588,0.8,0.008,0.03,9.48
27 August 1997,27,8,1997,4,73.346,54.158,1.4,5.46,4,20,13.999888,0.0025,23,15,8,1.4,82.65,4.6026,21.956,29.6136,1,0.007,0.015,9.41
06 December 1997,6,12,1997,4,95.914,56.241,1.5,5.19,-5,20,17.999856,0.0025,48,24,24,1.5,91.35,5.3697,25.449,29.6136,1,0.008,0.015,-0.92
13 March 1998,13,3,1998,4,84.63,49.992,1.1,5.14,-5,23,17.999856,0.0025,38,13,25,1.1,91.35,5.3697,30.938,31.2588,1,0.008,0.015,-2.83
17 June 1998,17,6,1998,4,90.272,56.241,1.2,5.34,-1,29,14.99988,0.0025,23,11,12,1.2,91.35,5.114,26.447,32.0814,0.9,0.007,0.015,3.07
09 September 1998,9,9,1998,4,101.556,54.158,1.8,5.44,0.2,20,12.999896,0.0025,29,23,6,1.8,87,4.8583,23.453,28.791,1,0.011,0.015,7.63
02 December 1998,2,12,1998,4,93.093,52.075,1.4,5.34,-2,20,14.99988,0.0025,33,17,16,1.4,95.7,9.4609,24.95,28.791,1.2,0.006,0.015,2.52
27 February 1999,27,2,1999,4,110.019,52.075,1,5.19,-3,23,15.999872,0.0025,38,17,21,1,100.05,6.3925,26.447,33.7266,1.1,0.01,0.015,-0.83
02 June 1999,2,6,1999,4,81.809,45.826,1,5.42,0,19,16.999864,0.0025,27,15,12,1,82.65,4.3469,25.449,31.2588,0.9,0.006,0.0075,3.17
09 September 1999,9,9,1999,4,81.809,47.909,2,5.52,1,19,15.999872,0.0025,10,10,2,2,87,4.0912,24.95,29.6136,0.8,0.01,0.0075,10.72
01 December 1999,1,12,1999,4,84.63,47.909,1.6,5.37,0,20,17.999856,0.0025,29,19,10,1.6,91.35,4.6026,27.445,33.7266,1.2,0.008,0.0075,6.09
08 March 2000,8,3,2000,4,90.272,45.826,1.3,5.31,-1,21,16.999864,0.0025,38,18,20,1.3,95.7,4.8583,24.451,31.2588,1,0.005,0.0075,2.63
31 May 2000,31,5,2000,4,81.809,43.743,0.9,5.5,0,19,15.999872,0.0025,41,31,10,0.9,82.65,4.3469,22.954,27.1458,0.8,0.006,0.006,3.39
06 September 2000,6,9,2000,4,81.809,43.743,1.5,5.52,2,18,12.999896,0.0025,15,14,2,1.5,82.65,4.3469,22.455,27.9684,0.8,0.006,0.013,9.22
29 November 2000,29,11,2000,4,64.883,43.743,1.9,5.38,0,17,13.999888,0.0025,25,13,12,1.9,78.3,4.0912,20.459,23.8554,1.3,0.006,0.036,7.22
20 March 2001,20,3,2001,4,76.167,49.992,1.8,5.08,-5,23,25.999792,0.0025,54,18,36,1.8,87,5.114,24.451,29.6136,1.3,0.007,0.014,-0.9
30 May 2001,30,5,2001,4,62.062,45.826,1.1,5.5,0,22,21.999824,0.0025,22,6,16,1.1,69.6,3.8355,21.956,26.3232,0.6,0.005,0.008,3.72
05 September 2001,5,9,2001,4,53.599,41.66,2.6,5.56,2,17,17.999856,0.0025,16,16,2,2.6,69.6,4.0912,20.958,25.5006,1.1,0.005,0.011,14.72
28 November 2001,28,11,2001,4,56.42,43.743,1.9,5.49,0.4,17,18.999848,0.0025,16,13,2,1.9,73.95,4.8583,22.954,26.3232,1.1,0.006,0.012,8.62
13 March 2002,13,3,2002,4,76.167,41.66,1.3,5.42,-1,19,20.999832,0.0025,25,23,2,1.3,82.65,4.0912,23.453,28.791,1.2,0.004,0.013,4.6278
05 June 2002,5,6,2002,4,76.167,41.66,1.8,5.45,-1,18,19.99984,0.002,21,8,13,1.8,82.65,4.8583,22.954,28.791,1.2,0.0042,0.006,5.6556
28 August 2002,28,8,2002,4,64.883,45.826,2,5.57,1,17,15.71416,0.0005,23,16,7,2,65.25,4.0912,19.461,23.8554,1.08,0.005,0.013,10.2222
04 December 2002,4,12,2002,4,67.704,45.826,0.6,5.24,-2,19,22.14268,0.0005,34,9,25,0.6,52.2,4.8583,20.958,25.5006,1.14,0.005,0.013,-2.0778
26 February 2003,26,2,2003,4,87.451,49.992,1.5,5.3,-3,21,25.71408,0.0005,29,12,17,1.5,78.3,5.114,25.449,32.0814,1.14,0.007,0.008,1.8611
07 September 1988,7,9,1988,5,112.84,64.573,3.3,5.61,8,29,9.28564,0.0025,51,51,2,3.3,121.8,5.8811,69.86,30.4362,0.5,0.05,0.13,24.22
08 December 1988,8,12,1988,5,112.84,66.656,4.2,5.81,12,23,12.85704,0.0025,57,13,44,4.2,117.45,2.557,77.345,39.4848,0.5,0.04,0.17,28.11
07 March 1989,7,3,1989,5,259.532,60.407,2.8,5.1,-4,42,1.285704,0.0025,126,59,67,2.8,195.75,9.2052,79.84,54.2916,0.5,0.06,0.11,1.16
06 June 1989,6,6,1989,5,310.31,91.652,1.7,5.25,6,46,15.999872,0.0025,74,34,40,1.7,230.55,12.5293,94.311,58.4046,0.4,0.085,0.08,9.21
05 September 1989,5,9,1989,5,259.532,74.988,2,5.23,4,43,9.99992,0.0025,36,25,11,2,208.8,7.671,87.325,54.2916,0.4,0.136,0.06,11.78
06 December 1989,6,12,1989,5,225.68,77.071,3.2,5.52,5,40,10.999912,0.0025,61,40,21,3.2,191.4,5.8811,82.335,51.8238,0.5,0.108,0.18,18.67
06 March 1990,6,3,1990,5,239.785,62.49,2,4.99,-8,43,9.99992,0.0025,99,30,69,2,195.75,5.8811,64.371,45.243,0.4,0.062,0.084,-6.67
06 June 1990,6,6,1990,5,245.427,66.656,1.9,5.41,1,41,9.28564,0.0025,49,18,31,1.9,200.1,2.557,69.86,46.0656,0.3,0.084,0.065,6.11
06 September 1990,6,9,1990,5,225.68,68.739,2.5,5.69,7,37,6.999944,0.021,49,25,24,2.5,187.05,5.8811,70.359,43.5978,0.3,0.083,0.07,16.83
05 December 1990,5,12,1990,5,214.396,70.822,3.1,5.55,6,36,7.999936,0.0025,60,43,17,3.1,187.05,2.557,79.341,46.0656,0.5,0.103,0.17,19.61
08 March 1991,8,3,1991,5,267.995,74.988,2.4,5.21,0,44,12.999896,0.0025,59,46,13,2.4,213.15,6.6482,75.848,50.1786,0.5,0.091,0.115,9.36
04 June 1991,4,6,1991,5,231.322,74.988,2.1,5.54,2,39,13.999888,0.0025,51,27,24,2.1,191.4,5.3697,72.355,42.7752,0.4,0.073,0.05,9.83
06 September 1991,6,9,1991,5,200.291,79.154,2.9,5.91,12,38,8.999928,0.0025,33,20,13,2.9,187.05,5.3697,77.345,46.8882,0.4,0.057,0.11,25.06
10 December 1991,10,12,1991,5,236.964,85.403,3.3,5.51,5,38,9.99992,0.0025,71,45,26,3.3,191.4,6.6482,77.844,47.7108,0.5,0.08,0.14,18.61
03 March 1992,3,3,1992,5,200.291,70.822,2.6,5.45,14,36,11.999904,0.0025,64,51,13,2.6,169.65,2.557,70.359,44.4204,0.5,0.047,0.09,24.26
04 June 1992,4,6,1992,5,177.723,68.739,2.4,5.7,8,33,9.99992,0.0025,94,80,14,2.4,160.95,5.8811,65.868,39.4848,0.5,0.042,0.115,18.44
09 September 1992,9,9,1992,5,152.334,68.739,4,5.81,13,29,5.999952,0.0025,59,55,2,4,143.55,2.557,66.367,37.8396,0.4,0.067,0.135,32.56
10 December 1992,10,12,1992,5,166.439,66.656,3.2,5.64,10,32,8.999928,0.0025,53,47,6,3.2,143.55,2.557,66.866,39.4848,0.5,0.04,0.11,25.33
04 March 1993,4,3,1993,5,411.866,77.071,1.8,5.04,-6,61,9.99992,0.0025,99,36,63,1.8,304.5,8.9495,88.323,72.3888,0.4,0.086,0.06,-4.9
11 June 1993,11,6,1993,5,299.026,77.071,3.2,5.24,0,50,10.999912,0.0025,88,38,50,3.2,247.95,8.6938,87.325,57.582,0.4,0.078,0.105,8.84
06 September 1993,6,9,1993,5,290.563,74.988,5.3,5.87,13,47,7.999936,0.0025,34,31,2,5.3,247.95,8.6938,86.327,56.7594,0.4,0.085,0.11,39.17
09 December 1993,9,12,1993,5,242.606,81.237,3.4,5.85,15,45,11.999904,0.0025,44,42,2,3.4,221.85,7.671,89.321,55.9368,0.6,0.086,0.185,31.72
08 March 1994,8,3,1994,5,236.964,66.656,1.7,5.57,4,38,9.99992,0.0025,56,40,16,1.7,204.45,6.1368,69.361,46.0656,0.5,0.046,0.095,10.72
10 June 1994,10,6,1994,5,304.668,74.988,1.8,5.54,3,49,8.999928,0.0025,67,26,41,1.8,234.9,7.4153,70.359,48.5334,0.3,0.054,0.05,7.44
06 September 1994,6,9,1994,5,149.513,39.577,6.2,6.47,71,31,1.285704,0.0025,18,16,2,6.2,130.5,6.9039,100.798,55.9368,0.4,0.097,0.16,101.72
14 December 1994,14,12,1994,5,208.754,74.988,4.5,5.63,8,36,10.999912,0.007,67,57,10,4.5,195.75,6.1368,73.353,46.0656,0.5,0.074,0.185,29.39
08 March 1995,8,3,1995,5,220.038,62.49,2.9,5.5,4,37,12.999896,0.0025,80,56,24,2.9,200.1,2.557,69.86,46.8882,0.5,0.053,0.115,15.83
06 June 1995,6,6,1995,5,197.47,62.49,3,5.82,18,38,13.999888,0.0025,46,40,6,3,191.4,5.3697,69.361,39.4848,0.3,0.048,0.105,32.33
05 September 1995,5,9,1995,5,197.47,66.656,3.2,6.17,29,36,7.49994,0.0025,14,12,2,3.2,200.1,6.9039,79.341,53.469,0.3,0.094,0.08,44.72
07 December 1995,7,12,1995,5,169.26,74.988,5.5,5.72,22,34,11.999904,0.0025,60,46,14,5.5,169.65,6.1368,72.854,46.0656,0.6,0.087,0.18,47.94
07 March 1996,7,3,1996,5,169.26,85.403,3.1,5.49,14,38,21.999824,0.0025,70,56,14,3.1,174,2.557,74.351,43.5978,0.5,0.061,0.105,26.39
06 June 1996,6,6,1996,5,157.976,85.403,3.9,5.68,10,38,23.999808,0.0025,53,41,12,3.9,169.65,7.1596,78.842,47.7108,0.5,0.052,0.095,28.17
05 September 1996,5,9,1996,5,163.618,87.486,3.5,6.07,20,36,16.999864,0.0025,28,23,5,3.5,156.6,7.1596,80.339,45.243,0.3,0.05,0.05,36.94
06 December 1996,6,12,1996,5,242.606,79.154,4.1,5.73,10,43,16.999864,0.0025,59,56,2,4.1,187.05,6.9039,86.826,59.2272,0.5,0.063,0.1,30.17
06 March 1997,6,3,1997,5,273.637,68.739,3.2,5.24,-3,47,17.999856,0.0025,79,48,31,3.2,208.8,8.1824,84.331,59.2272,0.4,0.064,0.075,7.96
03 June 1997,3,6,1997,5,276.458,68.739,2.6,5.53,5,48,16.999864,0.0025,51,31,20,2.6,221.85,12.0179,87.824,55.9368,0.5,0.081,0.055,15.78
12 September 1997,12,9,1997,5,239.785,66.656,4,6.01,18,42,12.999896,0.0025,34,32,2,4,195.75,6.6482,82.834,52.6464,0.3,0.131,0.095,37.72
04 December 1997,4,12,1997,5,208.754,66.656,4.8,5.85,13,38,15.999872,0.0025,55,50,5,4.8,178.35,7.1596,77.345,51.0012,0.6,0.09,0.22,36.44
03 March 1998,3,3,1998,5,217.217,68.739,4.1,5.55,7,38,17.999856,0.0025,65,55,10,4.1,178.35,8.9495,70.359,45.243,0.5,0.047,0.22,26.39
04 June 1998,4,6,1998,5,203.112,66.656,3.9,5.94,13,37,16.999864,0.0025,46,38,8,3.9,178.35,7.671,75.349,46.0656,0.4,0.04,0.13,31.61
10 September 1998,10,9,1998,5,172.081,58.324,6.6,5.94,21,33,11.999904,0.0025,45,38,7,6.6,156.6,6.1368,68.363,41.13,0.4,0.021,0.145,53.22
11 December 1998,11,12,1998,5,174.902,58.324,5.5,5.9,16,32,13.999888,0.0025,61,55,6,5.5,152.25,6.3925,76.347,45.243,0.7,0.043,0.225,42.83
04 March 1999,4,3,1999,5,290.563,56.241,3.5,5.48,2,43,12.999896,0.0025,61,51,10,3.5,213.15,7.1596,74.351,55.9368,0.5,0.05,0.095,16.64
03 June 1999,3,6,1999,5,253.89,52.075,3.6,5.79,10,37,11.999904,0.0025,52,44,8,3.6,200.1,6.9039,78.842,55.1142,0.4,0.043,0.145,27.11
17 September 1999,17,9,1999,5,203.112,54.158,4.8,6.02,25,35,10.999912,0.0025,38,34,2,4.8,174,5.114,79.341,49.356,0.1,0.107,0.165,48.56
02 December 1999,2,12,1999,5,220.038,56.241,5.1,5.92,17,38,13.999888,0.0025,60,58,2,5.1,182.7,5.8811,78.842,51.8238,0.5,0.06,0.22,42.22
01 March 2000,1,3,2000,5,304.668,52.075,3.1,5.37,1,47,12.999896,0.0025,84,57,27,3.1,243.6,7.1596,75.848,54.2916,0.2,0.055,0.07,11.95
01 June 2000,1,6,2000,5,299.026,54.158,2.5,5.65,6,44,13.999888,0.0025,45,28,17,2.5,230.55,6.6482,75.349,51.0012,0.3,0.059,0.059,16.61
01 September 2000,1,9,2000,5,282.1,56.241,4.3,5.96,19,43,6.07138,0.0025,23,21,2,4.3,217.5,5.8811,82.335,52.6464,0.2,0.039,0.071,40.22
08 December 2000,8,12,2000,5,183.365,56.241,5.5,5.85,17,32,9.785636,0.0025,59,41,18,5.5,169.65,5.6254,64.87,40.3074,0.7,0.081,0.273,42.5
14 March 2001,14,3,2001,5,163.618,60.407,4.6,5.83,16,38,15.999872,0.0025,50,46,2,4.6,160.95,6.3925,65.868,39.4848,0.7,0.049,0.129,38.56
05 June 2001,5,6,2001,5,166.439,62.49,4.1,6.17,21,34,15.999872,0.0025,18,18,2,4.1,156.6,5.114,70.858,39.4848,0.05,0.036,0.124,41.22
18 September 2001,18,9,2001,5,146.692,58.324,5.2,6.35,36,34,12.999896,0.0025,30,7,23,5.2,156.6,5.8811,76.347,41.13,0.4,0.064,0.196,59.44
04 December 2001,4,12,2001,5,138.229,56.241,7,5.94,22,32,14.99988,0.006,51,50,2,7,143.55,6.9039,75.349,44.4204,0.6,0.043,0.279,56.72
06 March 2002,6,3,2002,5,242.606,47.909,3.8,5.74,10,39,13.999888,0.0025,48,47,2,3.8,187.05,7.1596,71.357,54.2916,0.5,0.04,0.128,28.7778
11 June 2002,11,6,2002,5,203.112,49.992,5.6,5.81,13,37,12.85704,0.0005,74,63,11,5.6,169.65,6.6482,70.359,47.7108,0.5,0.0458,0.134,39.7778
11 September 2002,11,9,2002,5,155.155,45.826,6.4,6.18,35,35,12.14276,0.0005,55,34,21,6.4,130.5,5.6254,69.361,41.13,0.52,0.112,0.266,64.6667
05 December 2002,5,12,2002,5,152.334,58.324,6.8,6.09,24,32,19.99984,0.0005,52,45,7,6.8,121.8,6.9039,73.353,45.243,0.7,0.067,0.28,57.2222
13 March 2003,13,3,2003,5,143.871,49.992,5,6.11,22,28,6.42852,0.001,18,18,2,5,100.05,6.9039,69.86,39.4848,0.42,0.003,0.077,46.7778
07 September 1988,7,9,1988,6,70.525,37.494,5.1,6.05,30,21,1.285704,0.0025,25,25,2,5.1,78.3,2.557,79.84,32.0814,0.4,0.02,0.24,55.22
08 December 1988,8,12,1988,6,76.167,54.158,4.5,6.23,60,22,2.85712,0.0025,28,28,2,4.5,87,8.1824,109.78,44.4204,0.6,0.01,0.13,82.22
07 March 1989,7,3,1989,6,267.995,45.826,2.7,5.45,-2,40,1.285704,0.0025,37,23,14,2.7,200.1,12.0179,74.85,52.6464,0.3,0.04,0.08,8.59
06 June 1989,6,6,1989,6,293.384,60.407,2.2,6.23,29,43,1.285704,0.0025,6,2,2,2.2,217.5,14.5749,97.804,55.9368,0.1,0.024,0.06,39.61
05 September 1989,5,9,1989,6,174.902,66.656,3.7,6.15,29,34,1.285704,0.0025,14,14,2,3.7,152.25,8.6938,94.81,50.1786,0.3,0.024,0.09,47.22
06 December 1989,6,12,1989,6,132.587,58.324,4.4,6.33,51,30,2.999976,0.0025,11,10,2,4.4,126.15,6.6482,92.315,46.8882,0.6,0.034,0.25,72.72
06 March 1990,6,3,1990,6,180.544,41.66,2.3,5.42,3,31,1.285704,0.0025,25,18,7,2.3,143.55,5.8811,49.9,35.3718,0.2,0.025,0.067,12.57
06 June 1990,6,6,1990,6,132.587,56.241,4.2,6.52,83,32,1.285704,0.01,8,6,2,4.2,134.85,7.1596,114.77,63.3402,0.3,0.041,0.13,103.72
18 September 1990,18,9,1990,6,146.692,49.992,6.9,6.5,41,29,1.285704,0.0025,12,11,2,6.9,126.15,2.557,86.826,41.9526,0.2,0.022,0.14,75.22
05 December 1990,5,12,1990,6,132.587,49.992,5,6.2,34,27,2.999976,0.0025,27,27,2,5,117.45,5.8811,83.333,41.13,0.4,0.015,0.215,58.72
08 March 1991,8,3,1991,6,191.828,62.49,3.1,5.88,18,33,5.999952,0.0025,22,22,2,3.1,152.25,8.1824,71.856,41.9526,0.4,0.057,0.105,33.22
04 June 1991,4,6,1991,6,129.766,54.158,3,6.4,32,26,1.285704,0.0025,16,12,2,3,113.1,2.557,68.363,31.2588,0.1,0.025,0.06,46.56
06 September 1991,6,9,1991,6,124.124,62.49,6.2,6.54,96,35,1.285704,0.005,5,5,2,6.2,143.55,18.1547,126.746,62.5176,0.4,0.069,0.265,126.72
04 December 1991,4,12,1991,6,166.439,60.407,3.7,6,24,29,1.285704,0.0025,30,30,2,3.7,130.5,7.671,81.337,42.7752,0.4,0.01,0.12,42.22
03 March 1992,3,3,1992,6,129.766,47.909,3,5.93,18,25,2.999976,0.0025,21,20,2,3,113.1,6.3925,62.874,32.904,0.4,0.01,0.1,32.72
04 June 1992,4,6,1992,6,104.377,45.826,7.4,6.32,66,26,1.285704,0.0025,18,18,2,7.4,104.4,2.557,84.83,41.13,0.2,0.047,0.15,102.72
09 September 1992,9,9,1992,6,90.272,39.577,6.4,5.94,23,21,1.285704,0.0025,42,33,9,6.4,91.35,2.557,69.361,33.7266,0.3,0.011,0.15,54
10 December 1992,10,12,1992,6,110.019,41.66,3.1,5.96,21,23,1.285704,0.0025,15,15,2,3.1,108.75,2.557,66.866,33.7266,0.4,0.012,0.12,36.22
04 March 1993,4,3,1993,6,440.076,70.822,1.9,5.81,14,62,3.999968,0.0025,9,6,2,1.9,321.9,12.0179,114.271,87.1956,0.4,0.063,0.04,23.17
11 June 1993,11,6,1993,6,174.902,58.324,7.2,6.28,43,34,1.285704,0.0025,7,6,2,7.2,165.3,14.5749,67.864,46.8882,0.2,0.011,0.11,78.72
06 September 1993,6,9,1993,6,160.797,47.909,6.8,6.56,88,36,1.285704,0.0025,10,10,2,6.8,156.6,12.2736,118.762,57.582,0.4,0.061,0.16,121.72
09 December 1993,9,12,1993,6,110.019,54.158,5.3,6.12,32,26,1.285704,0.0025,20,20,2,5.3,113.1,5.3697,72.854,38.6622,0.5,0.013,0.15,58.22
08 March 1994,8,3,1994,6,208.754,56.241,2,5.73,9,32,3.999968,0.0025,30,24,6,2,169.65,8.1824,66.367,45.243,0.4,0.037,0.085,18.33
10 June 1994,10,6,1994,6,220.038,56.241,2.5,6.37,42,39,1.285704,0.0025,12,11,2,2.5,182.7,13.8078,79.84,46.0656,0.1,0.01,0.065,54.22
06 September 1994,6,9,1994,6,155.155,41.66,5.8,6.48,74,32,1.285704,0.0025,20,20,2,5.8,134.85,10.4837,102.295,56.7594,0.4,0.095,0.215,102.72
14 December 1994,14,12,1994,6,118.482,47.909,6.6,5.86,20,23,2.999976,0.0025,27,25,2,6.6,113.1,8.1824,65.369,34.5492,0.3,0.011,0.185,52.72
09 March 1995,9,3,1995,6,265.174,77.071,3.2,6.1,17,27,4.214252,0.0025,19,17,2,3.2,243.6,2.557,34.93,55.1142,1.2,0.014,0.02,32.72
06 June 1995,6,6,1995,6,118.482,37.494,4.1,6.47,57,27,1.285704,0.0025,12,11,2,4.1,108.75,5.8811,69.86,35.3718,0.1,0.037,0.11,77.22
05 September 1995,5,9,1995,6,107.198,110.399,5.6,6.41,67,36,1.285704,0.0025,11,11,2,5.6,121.8,2.557,121.257,60.8724,0.4,0.143,0.14,94.72
07 December 1995,7,12,1995,6,93.093,58.324,7.1,6.05,39,25,4.214252,0.0025,45,44,2,7.1,104.4,5.3697,81.337,41.9526,0.6,0.024,0.22,74.22
07 March 1996,7,3,1996,6,104.377,70.822,3.6,5.9,35,28,9.714208,0.0025,22,22,2,3.6,113.1,2.557,78.343,41.13,0.5,0.026,0.12,52.72
06 June 1996,6,6,1996,6,98.735,68.739,5.3,5.96,24,30,13.999888,0.0025,25,21,2,5.3,104.4,7.1596,81.337,44.4204,0.3,0.027,0.1,50.06
05 September 1996,5,9,1996,6,98.735,72.905,6.1,6.45,72,29,4.99996,0.0025,16,14,2,6.1,108.75,7.9267,106.786,50.1786,0.3,0.03,0.19,102.22
06 December 1996,6,12,1996,6,245.427,54.158,5,5.79,19,39,3.714256,0.0025,31,28,2,5,169.65,6.9039,99.8,58.4046,0.4,0.033,0.14,43.67
06 March 1997,6,3,1997,6,225.68,54.158,3.3,5.61,5,37,4.499964,0.0025,19,18,2,3.3,174,9.7166,71.856,47.7108,0.3,0.026,0.065,21.22
03 June 1997,3,6,1997,6,205.933,43.743,4.3,6.43,44,36,1.285704,0.0025,13,12,2,4.3,169.65,8.9495,89.82,48.5334,0.1,0.046,0.13,65.22
12 September 1997,12,9,1997,6,186.186,62.49,8.1,6.36,44,31,1.285704,0.0025,27,27,2,8.1,165.3,5.6254,117.764,58.4046,0.2,0.013,0.255,84.22
04 December 1997,4,12,1997,6,90.272,43.743,7,6.42,45,25,4.28568,0.0025,32,32,2,7,95.7,5.6254,76.846,38.6622,0.5,0.019,0.24,79.72
03 March 1998,3,3,1998,6,276.458,47.909,4.1,5.94,20,42,2.999976,0.0025,21,21,2,4.1,191.4,10.4837,82.834,60.8724,0.4,0.035,0.295,40.22
04 June 1998,4,6,1998,6,124.124,45.826,5.1,6.75,64,29,1.285704,0.0025,12,12,2,5.1,117.45,6.6482,83.333,41.9526,0.2,0.035,0.18,89.22
10 September 1998,10,9,1998,6,90.272,35.411,9.9,6.23,49,22,1.285704,0.0025,32,32,2,9.9,91.35,4.8583,83.333,38.6622,0.3,0.011,0.365,98.22
11 December 1998,11,12,1998,6,129.766,33.328,6.1,6.13,27,24,2.714264,0.0025,27,27,2,6.1,104.4,5.114,69.86,36.1944,0.5,0.009,0.16,57.22
04 March 1999,4,3,1999,6,242.606,41.66,3.7,6.07,13,35,1.285704,0.0025,22,21,2,3.7,182.7,7.4153,67.864,46.8882,0.4,0.021,0.07,31.22
03 June 1999,3,6,1999,6,267.995,39.577,5.7,6.36,45,25,1.285704,0.0025,17,17,2,5.7,247.95,7.671,210.079,162.0522,1.6,0.0015,1.47,73.22
17 September 1999,17,9,1999,6,110.019,37.494,7.7,6.37,49,26,3.499972,0.0025,18,18,2,7.7,113.1,4.0912,88.822,43.5978,0.2,0.01,0.235,87.22
02 December 1999,2,12,1999,6,160.797,35.411,6.6,6.02,21,28,3.92854,0.0025,29,29,2,6.6,130.5,5.6254,71.856,42.7752,0.4,0.019,0.17,53.72
09 March 2000,9,3,2000,6,225.68,33.328,3.7,5.74,8,33,2.785692,0.0025,18,17,2,3.7,169.65,6.6482,57.884,38.6622,0.2,0.016,0.065,26.22
01 June 2000,1,6,2000,6,177.723,43.743,4.1,6.47,43,32,4.571392,0.0025,15,15,2,4.1,152.25,6.6482,82.335,42.7752,0.1,0.038,0.038,63.22
01 September 2000,1,9,2000,6,169.26,45.826,6.7,6.36,61,34,1.285704,0.0025,11,11,2,6.7,147.9,7.1596,99.301,48.5334,0.2,0.004,0.166,94.22
08 December 2000,8,12,2000,6,93.093,29.162,7.2,6.03,23,21,2.714264,0.0025,27,27,2,7.2,95.7,5.3697,57.884,29.6136,0.4,0.015,0.234,58.72
02 May 2001,2,5,2001,6,90.272,43.743,5,6.49,42,25,5.928524,0.0025,14,14,2,5,95.7,6.1368,74.351,34.5492,0.2,0.046,0.092,66.72
05 June 2001,5,6,2001,6,93.093,45.826,4.8,6.68,53,25,3.714256,0.0025,2,2,2,4.8,95.7,5.8811,80.339,36.1944,0.05,0.033,0.168,76.72
18 September 2001,18,9,2001,6,81.809,35.411,8.4,6.56,69,27,1.285704,0.0025,19,19,2,8.4,91.35,4.8583,98.802,41.9526,0.3,0.018,0.276,110.72
04 December 2001,4,12,2001,6,84.63,29.162,8.9,6.15,32,23,3.499972,0.0025,26,22,2,8.9,91.35,6.9039,77.345,37.017,0.6,0.007,0.28,76.06
06 March 2002,6,3,2002,6,222.859,33.328,3.6,5.8,10,31,1.285704,0.0025,19,19,2,3.6,160.95,7.9267,61.377,43.5978,0.3,0.018,0.097,27.7778
11 June 2002,11,6,2002,6,112.84,29.162,7.6,6.15,33,25,2.214268,0.0005,22,19,2,7.6,113.1,5.6254,65.868,33.7266,0.4,0.0469,0.224,70.7778
11 September 2002,11,9,2002,6,73.346,24.996,11,6.43,59,23,2.214268,0.002,31,26,5,11,73.95,3.8355,80.838,38.6622,0.55,0.089,0.358,113.4444
05 December 2002,5,12,2002,6,81.809,45.826,7.7,6.26,31,22,6.42852,0.0005,23,20,2,7.7,60.9,5.114,70.359,35.3718,0.52,0.011,0.229,69.2778
13 March 2003,13,3,2003,6,200.291,62.49,4.7,5.93,18,33,22.14268,0.0005,70,52,18,4.7,152.25,7.671,78.343,52.6464,0.51,0.026,0.142,39.5
06 September 1988,6,9,1988,7,132.587,45.826,2.8,4.88,-13,29,2.85712,0.0025,72,47,25,2.8,139.2,7.9267,29.94,31.2588,0.2,0.02,0.04,-3.18
07 December 1988,7,12,1988,7,163.618,56.241,4,4.94,-12,28,5.71424,0.0025,69,60,9,4,152.25,13.2964,37.425,43.5978,0.5,0.02,0.08,5
08 March 1989,8,3,1989,7,273.637,64.573,2,4.72,-22,49,1.285704,0.0025,106,17,89,2,226.2,11.7622,34.93,56.7594,0.5,0.02,0.03,-22.89
07 June 1989,7,6,1989,7,273.637,68.739,2.3,4.89,-10,43,7.999936,0.0025,95,20,75,2.3,221.85,10.9951,40.419,55.1142,0.3,0.023,0.025,-7.98
05 September 1989,5,9,1989,7,222.859,64.573,3.3,4.97,-8,38,1.285704,0.0025,81,21,60,3.3,191.4,7.9267,37.425,49.356,0.2,0.032,0.03,0.18
06 December 1989,6,12,1989,7,217.217,70.822,2.8,5.01,-8,40,3.999968,0.0025,71,16,55,2.8,191.4,8.1824,38.423,48.5334,0.4,0.026,0.035,-1.51
07 March 1990,7,3,1990,7,296.205,70.822,2,4.74,-11,48,5.71424,0.0025,97,28,69,2,243.6,12.2736,33.932,60.0498,0.5,0.017,0.03,-9.67
06 June 1990,6,6,1990,7,296.205,72.905,1.9,4.76,-18,49,4.99996,0.0025,127,16,111,1.9,247.95,8.9495,38.423,58.4046,0.3,0.022,0.035,-21.78
04 September 1990,4,9,1990,7,245.427,64.573,3.5,4.96,-8,40,1.285704,0.0025,114,27,87,3.5,200.1,6.9039,33.433,46.0656,0.2,0.027,0.05,-1.92
04 December 1990,4,12,1990,7,228.501,68.739,2.7,4.87,-13,38,3.999968,0.01,118,27,91,2.7,195.75,6.1368,37.425,48.5334,0.5,0.022,0.05,-10.96
05 March 1991,5,3,1991,7,259.532,77.071,2.6,4.81,-17,45,7.999936,0.0025,121,41,80,2.6,221.85,8.1824,35.928,52.6464,0.5,0.018,0.035,-14.19
07 June 1991,7,6,1991,7,205.933,74.988,2.2,4.92,-12,39,8.999928,0.0025,97,16,81,2.2,182.7,7.9267,34.431,48.5334,0.3,0.022,0.03,-11.1
03 September 1991,3,9,1991,7,180.544,72.905,3.4,5.21,-3,35,4.99996,0.0025,77,20,57,3.4,182.7,7.4153,36.926,46.0656,0.2,0.026,0.045,5.97
03 December 1991,3,12,1991,7,299.026,87.486,2.5,4.87,-16,48,4.99996,0.0025,146,41,105,2.5,243.6,12.0179,37.924,61.695,0.4,0.022,0.05,-16.42
03 March 1992,3,3,1992,7,214.396,77.071,3.2,4.83,-15,43,8.999928,0.0025,115,35,80,3.2,195.75,10.9951,36.926,46.8882,0.5,0.014,0.045,-9.49
02 June 1992,2,6,1992,7,169.26,62.49,2.9,4.9,-12,34,5.999952,0.0025,81,18,63,2.9,156.6,7.1596,26.946,36.1944,0.4,0.016,0.03,-5.95
09 September 1992,9,9,1992,7,146.692,58.324,3.7,5,-8,28,1.285704,0.0025,88,34,54,3.7,139.2,2.557,29.441,32.904,0.2,0.016,0.04,2.65
08 December 1992,8,12,1992,7,183.365,68.739,2.6,4.86,-14,32,2.999976,0.0025,86,43,43,2.6,143.55,7.1596,24.95,35.3718,0.4,0.017,0.04,-7.08
04 March 1993,4,3,1993,7,245.427,72.905,2.8,4.92,-10,42,5.999952,0.0025,110,40,70,2.8,208.8,12.785,36.926,52.6464,0.5,0.016,0.025,-5.18
08 June 1993,8,6,1993,7,236.964,114.565,2.6,4.84,-16,36,7.999936,0.0025,94,33,61,2.6,160.95,2.557,41.916,41.13,0.3,0.169,0.06,-11.08
07 September 1993,7,9,1993,7,152.334,64.573,3.5,5.15,-5,28,3.999968,0.0025,64,32,32,3.5,152.25,6.1368,34.431,36.1944,0.2,0.033,0.035,7.19
08 December 1993,8,12,1993,7,135.408,77.071,3.7,4.84,-15,33,4.99996,0.0025,89,53,36,3.7,139.2,6.3925,32.435,40.3074,0.4,0.015,0.04,-2.35
08 March 1994,8,3,1994,7,157.976,68.739,2,4.78,-20,34,7.999936,0.0025,94,28,66,2,152.25,5.8811,25.948,37.8396,0.4,0.011,0.02,-18.33
07 June 1994,7,6,1994,7,211.575,68.739,2,4.89,-13,38,5.999952,0.0025,94,22,72,2,178.35,6.6482,33.433,46.8882,0.2,0.015,0.015,-12
07 September 1994,7,9,1994,7,186.186,64.573,3.2,4.97,-8,32,2.999976,0.0025,95,53,42,3.2,156.6,5.6254,32.934,41.9526,0.2,0.021,0.04,1.73
06 December 1994,6,12,1994,7,149.513,68.739,3.7,4.92,-11,36,5.999952,0.0025,94,28,66,3.7,143.55,8.6938,29.94,38.6622,0.5,0.017,0.035,-1.68
07 March 1995,7,3,1995,7,180.544,54.158,2.8,4.81,-17,34,7.785652,0.0025,91,35,56,2.8,165.3,2.557,26.946,40.3074,0.4,0.011,0.03,-10.62
06 June 1995,6,6,1995,7,172.081,58.324,3.2,4.87,-13,37,9.99992,0.0025,65,37,28,3.2,152.25,6.1368,28.942,38.6622,0.2,0.013,0.025,-1.71
05 September 1995,5,9,1995,7,174.902,62.49,2.9,5.2,6,34,6.07138,0.0025,55,18,37,2.9,165.3,7.4153,33.932,37.8396,0.05,0.03,0.039,14.94
05 December 1995,5,12,1995,7,180.544,72.905,5,4.82,-15,38,7.214228,0.0025,112,50,62,5,178.35,9.2052,34.93,46.8882,0.6,0.023,0.05,0.61
05 March 1996,5,3,1996,7,152.334,72.905,3,4.81,-15,31,14.99988,0.0025,120,47,73,3,156.6,9.2052,30.439,41.13,0.5,0.014,0.03,-9.61
04 June 1996,4,6,1996,7,121.303,72.905,3.4,4.79,-18,35,23.999808,0.0025,114,38,76,3.4,139.2,8.9495,29.441,41.9526,0.4,0.015,0.035,-11.14
03 September 1996,3,9,1996,7,124.124,74.988,3.9,5.06,-7,28,15.999872,0.0025,69,29,40,3.9,130.5,8.1824,31.437,37.017,0.1,0.026,0.04,6.11
03 December 1996,3,12,1996,7,155.155,58.324,1.6,4.83,-16,32,8.499932,0.0025,99,46,53,1.6,130.5,8.9495,26.946,39.4848,0.4,0.017,0.05,-14.69
04 March 1997,4,3,1997,7,200.291,60.407,3.6,4.8,-17,38,10.999912,0.0025,112,46,66,3.6,165.3,9.2052,33.433,49.356,0.4,0.014,0.045,-8.13
03 June 1997,3,6,1997,7,194.649,58.324,3.2,4.93,-10,37,11.999904,0.0025,97,41,56,3.2,169.65,8.1824,34.93,43.5978,0.4,0.02,0.03,-1.82
02 September 1997,2,9,1997,7,174.902,54.158,3.8,5.12,-4,33,7.714224,0.0025,75,32,43,3.8,152.25,6.6482,36.427,38.6622,,0.025,0.035,8.32
02 December 1997,2,12,1997,7,143.871,52.075,3.7,4.98,-9,30,7.428512,0.0025,98,70,28,3.7,130.5,6.6482,24.95,34.5492,0.4,0.017,0.05,4.54
03 March 1998,3,3,1998,7,186.186,56.241,3.5,4.88,-14,34,10.999912,0.0025,85,48,37,3.5,147.9,7.4153,26.447,39.4848,0.5,0.012,0.05,-2.36
02 June 1998,2,6,1998,7,149.513,56.241,3.3,4.97,-10,30,12.999896,0.0025,79,29,50,3.3,143.55,6.6482,29.441,35.3718,0.3,0.018,0.03,-0.71
08 September 1998,8,9,1998,7,110.019,41.66,5.1,5.09,-6,23,5.428528,0.0025,70,53,17,5.1,104.4,4.6026,22.455,25.5006,0.2,0.027,0.06,15.06
08 December 1998,8,12,1998,7,152.334,43.743,4.4,4.88,-12,29,5.928524,0.0025,79,45,34,4.4,134.85,7.4153,27.944,32.0814,0.5,0.013,0.05,4.02
02 March 1999,2,3,1999,7,245.427,52.075,2.9,4.83,-16,42,7.928508,0.0025,83,35,48,2.9,191.4,7.1596,28.443,49.356,0.5,0.012,0.04,-8.28
08 June 1999,8,6,1999,7,205.933,43.743,3.3,4.94,-10,34,8.428504,0.0025,79,42,37,3.3,169.65,6.1368,32.934,43.5978,0.3,0.014,0.06,0.74
07 September 1999,7,9,1999,7,177.723,43.743,4.2,5.23,-3,28,4.28568,0.0025,73,45,28,4.2,152.25,4.6026,31.437,36.1944,0.05,0.016,0.04,12.79
07 December 1999,7,12,1999,7,205.933,47.909,4.2,4.88,-12,36,5.71424,0.0025,81,48,33,4.2,174,7.1596,28.942,44.4204,0.4,0.013,0.04,3.23
07 March 2000,7,3,2000,7,251.069,47.909,3.2,4.82,-15,41,7.928508,0.0025,96,47,49,3.2,208.8,6.9039,27.445,46.8882,0.2,0.01,0.03,-6.04
07 June 2000,7,6,2000,7,222.859,47.909,3.4,5.09,-6,35,7.571368,0.0025,71,44,27,3.4,191.4,6.6482,31.437,43.5978,0.2,0.014,0.014,6.3
05 September 2000,5,9,2000,7,186.186,43.743,4.7,5.17,-3,30,2.928548,0.0025,70,41,29,4.7,165.3,4.8583,29.441,37.017,0.1,0.018,0.056,14.93
05 December 2000,5,12,2000,7,152.334,37.494,4.4,4.98,-8,26,3.999968,0.0025,70,31,39,4.4,126.15,7.9267,22.455,29.6136,0.4,0.013,0.054,7.47
01 March 2001,1,3,2001,7,0,,,,,,,,,,,,0,0,0,0,,,,
13 June 2001,13,6,2001,7,138.229,47.909,3.8,5.26,-2,27,10.999912,0.0025,43,35,8,3.8,130.5,6.3925,30.938,33.7266,0.05,0.013,0.035,14.21
04 September 2001,4,9,2001,7,118.482,43.743,4.5,5.49,3,25,6.714232,0.0025,51,29,22,4.5,126.15,5.6254,29.441,31.2588,0.2,0.017,0.078,20.81
04 December 2001,4,12,2001,7,132.587,41.66,5.2,5.03,-7,26,6.714232,0.0025,81,60,21,5.2,126.15,10.7394,26.946,34.5492,0.5,0.011,0.063,14.07
05 March 2002,5,3,2002,7,245.427,45.826,3,4.84,-15,40,9.99992,0.0025,80,39,41,3,200.1,8.6938,28.942,51.0012,0.5,0.011,0.034,-6.0556
11 June 2002,11,6,2002,7,194.649,41.66,4.6,5.02,-9,34,8.57136,0.0005,72,48,24,4.6,169.65,7.671,28.443,41.13,0.4,0.0148,0.039,9.0333
03 September 2002,3,9,2002,7,152.334,35.411,5.3,5.36,-1,27,2.214268,0.001,53,46,7,5.3,130.5,5.114,24.451,32.0814,0.35,0.017,0.053,22.0722
02 December 2002,2,12,2002,7,135.408,41.66,6,5.09,-6,26,4.99996,0.0005,73,33,40,6,100.05,8.1824,24.451,32.0814,0.58,0.012,0.069,16.5556
04 March 2003,4,3,2003,7,172.081,49.992,4,5.01,-9,17,10.7142,0.0005,90,53,37,4,121.8,10.9951,36.427,47.7108,0.73,0.013,0.018,4.8889
06 September 1988,6,9,1988,8,157.976,68.739,4,4.77,-20,36,19.99984,0.0025,228,110,118,4,147.9,2.557,37.425,21.3876,0.2,0.21,0.15,-15.11
07 December 1988,7,12,1988,8,211.575,87.486,4.7,4.65,-27,39,35.714,0.0025,307,91,216,4.7,187.05,2.557,47.405,49.356,0.9,0.17,0.11,-29.85
08 March 1989,8,3,1989,8,425.971,99.984,2.9,4.46,-39,78,1.285704,0.0025,715,163,552,2.9,313.2,10.7394,62.375,75.6792,1.3,0.23,0.08,-87.28
06 June 1989,6,6,1989,8,321.594,85.403,3.1,4.82,-16,49,3.999968,0.0025,200,37,163,3.1,243.6,8.9495,56.886,58.4046,0.3,0.18,0.07,-20.16
05 September 1989,5,9,1989,8,284.921,104.15,3,4.88,-12,31,3.999968,0.0025,216,42,174,3,243.6,5.3697,62.375,61.695,0.8,0.297,0.075,-17.83
05 December 1989,5,12,1989,8,262.353,97.901,4.4,4.81,-18,50,7.999936,0.0025,177,47,130,4.4,226.2,2.557,61.377,55.9368,0.8,0.214,0.115,-12.64
06 March 1990,6,3,1990,8,403.403,97.901,2.9,4.42,0,70,22.14268,0.0025,467,63,404,2.9,313.2,8.9495,56.387,73.2114,1,0.185,0.072,-31.84
06 June 1990,6,6,1990,8,355.446,102.067,5.5,4.6,-28,66,20.71412,0.01,525,86,439,5.5,295.8,6.9039,52.894,63.3402,0.8,0.245,0.1,-52.03
06 September 1990,6,9,1990,8,315.952,104.15,3.9,4.66,-25,56,6.999944,0.021,341,73,268,3.9,265.35,6.6482,55.389,56.7594,1.1,0.247,0.095,-37.23
04 December 1990,4,12,1990,8,284.921,89.569,4.7,4.65,-7,50,9.99992,0.093,240,52,188,4.7,239.25,2.557,53.393,55.1142,0.9,0.186,0.135,-6.74
06 March 1991,6,3,1991,8,330.057,112.482,3.9,4.48,-41,67,32.999736,0.031,380,97,283,3.9,282.75,6.1368,54.391,66.6306,1,0.176,0.08,-54.89
09 June 1991,9,6,1991,8,259.532,104.15,3.9,4.7,-24,52,11.999904,0.0025,199,36,163,3.9,230.55,2.557,52.395,57.582,0.6,0.18,0.07,-24.56
04 September 1991,4,9,1991,8,236.964,95.818,3.1,4.92,-12,46,5.999952,0.0025,160,27,133,3.1,226.2,2.557,53.393,55.1142,0.6,0.204,0.105,-12.83
04 December 1991,4,12,1991,8,361.088,114.565,3.5,4.53,-40,64,8.999928,0.0025,270,58,212,3.5,278.4,5.6254,53.393,64.1628,0.7,0.187,0.115,-47.81
04 March 1992,4,3,1992,8,253.89,116.648,3.4,4.45,-42,63,32.999736,0.0025,447,100,347,3.4,230.55,0,42.415,52.6464,1,0.164,0.08,-65.26
03 June 1992,3,6,1992,8,214.396,79.154,3.5,4.72,-22,40,5.999952,0.0025,153,25,128,3.5,195.75,2.557,39.92,41.9526,0.5,0.137,0.075,-20.47
10 September 1992,10,9,1992,8,189.007,95.818,5.1,4.62,-30,43,2.999976,0.006,265,52,213,5.1,182.7,2.557,40.419,41.13,1,0.165,0.115,-30.72
09 December 1992,9,12,1992,8,225.68,110.399,3.9,4.54,-35,53,17.999856,0.0025,465,110,355,3.9,195.75,2.557,38.423,48.5334,1.3,0.171,0.08,-56.89
03 March 1993,3,3,1993,8,304.668,97.901,3.4,4.58,-29,58,10.999912,0.0025,256,66,190,3.4,247.95,2.557,55.389,61.695,0.9,0.178,0.09,-34.81
09 June 1993,9,6,1993,8,231.322,97.901,3.4,4.61,-25,47,8.999928,0.0025,208,47,161,3.4,204.45,6.6482,42.415,50.1786,0.5,0.15,0.08,-27.59
08 September 1993,8,9,1993,8,203.112,89.569,3.6,4.8,-18,41,5.999952,0.0025,177,52,125,3.6,191.4,6.3925,46.906,43.5978,0.6,0.155,0.11,-15.69
07 December 1993,7,12,1993,8,220.038,129.146,4.5,4.38,-46,60,29.28548,0.0025,646,119,527,4.5,213.15,2.557,44.411,62.5176,1.3,0.217,0.07,-84.31
09 March 1994,9,3,1994,8,220.038,129.146,2.7,4.45,-35,57,29.99976,0.0025,550,74,476,2.7,213.15,6.1368,44.411,54.2916,1.3,0.217,0.07,-75.74
21 June 1994,21,6,1994,8,259.532,87.486,3,4.67,-23,46,7.999936,0.0025,190,27,163,3,217.5,2.557,45.409,51.8238,0.4,0.141,0.055,-27.61
06 September 1994,6,9,1994,8,282.1,143.727,4.6,4.64,-27,54,15.999872,0.0025,555,148,407,4.6,239.25,2.557,50.399,56.7594,1.9,0.323,0.11,-51.52
07 December 1994,7,12,1994,8,220.038,127.063,4.7,4.48,-35,62,38.999688,0.0025,461,123,338,4.7,213.15,10.9951,43.413,55.1142,1.4,0.236,0.105,-51.41
08 March 1995,8,3,1995,8,245.427,74.988,4.5,4.47,-38,50,17.999856,0.0025,212,74,138,4.5,200.1,2.557,39.92,51.8238,0.8,0.132,0.1,-33.08
07 June 1995,7,6,1995,8,234.143,79.154,3.9,4.65,-22,51,14.99988,0.0025,202,51,151,3.9,204.45,2.557,42.914,43.5978,0.5,0.152,0.09,-21.23
06 September 1995,6,9,1995,8,222.859,79.154,3,5.04,2,44,7.49994,0.0025,106,22,84,3,204.45,5.6254,48.902,44.4204,0.3,0.214,0.08,6.17
06 December 1995,6,12,1995,8,251.069,104.15,7.3,4.48,-33,57,13.999888,0.0025,247,89,158,7.3,234.9,5.6254,51.397,60.0498,1,0.198,0.155,-17.71
06 March 1996,6,3,1996,8,228.501,110.399,3.5,4.49,-32,49,35.999712,0.0025,292,73,219,3.5,226.2,2.557,49.9,59.2272,0.8,0.175,0.095,-40.58
05 June 1996,5,6,1996,8,180.544,120.814,4.2,4.51,-29,53,35.999712,0.0025,390,94,296,4.2,195.75,3.5798,40.419,52.6464,1.1,0.181,0.08,-42.99
04 September 1996,4,9,1996,8,183.365,106.233,4.2,4.74,-21,43,22.999816,0.0025,166,36,130,4.2,187.05,5.6254,48.403,48.5334,0.1,0.2,0.08,-16.54
03 December 1996,3,12,1996,8,248.248,91.652,5,4.45,-40,55,19.99984,0.0025,367,122,245,5,195.75,3.8355,39.92,51.8238,0.9,0.174,0.1,-44.72
05 March 1997,5,3,1997,8,282.1,93.735,3.9,4.5,-33,60,20.999832,0.0025,373,85,288,3.9,230.55,6.1368,49.401,60.0498,1,0.186,0.08,-47.45
04 June 1997,4,6,1997,8,259.532,81.237,4.3,4.64,-22,52,11.999904,0.0025,223,60,163,4.3,217.5,7.1596,45.908,50.1786,0.6,0.159,0.09,-20.76
03 September 1997,3,9,1997,8,174.902,66.656,12.8,4.27,-58,52,14.99988,0.0025,188,116,72,12.8,160.95,7.671,30.938,37.017,0.8,0.138,0.125,-8.4
03 December 1997,3,12,1997,8,208.754,77.071,5.9,4.63,-22,45,14.99988,0.0025,251,134,117,5.9,187.05,4.3469,39.421,44.4204,0.9,0.165,0.16,-8.45
04 March 1998,4,3,1998,8,287.742,91.652,4.2,4.51,-32,57,27.999776,0.0025,404,89,315,4.2,226.2,4.8583,41.417,53.469,1.1,0.204,0.105,-48.1
03 June 1998,3,6,1998,8,200.291,74.988,4.5,4.68,-23,42,15.999872,0.0025,184,67,117,4.5,178.35,5.114,36.926,39.4848,0.4,0.135,0.115,-15.75
09 September 1998,9,9,1998,8,177.723,52.075,9.2,4.7,-23,32,7.714224,0.0025,198,132,66,9.2,130.5,3.0684,25.948,27.1458,0.3,0.136,0.215,11.07
09 December 1998,9,12,1998,8,220.038,79.154,4.8,4.47,-36,52,34.99972,0.0025,461,107,354,4.8,191.4,3.0684,32.934,43.5978,1.5,0.225,0.1,-53.73
03 March 1999,3,3,1999,8,344.162,62.49,5.4,4.4,-44,61,11.999904,0.0025,227,73,154,5.4,265.35,4.8583,36.427,59.2272,0.7,0.184,0.18,-36.81
09 June 1999,9,6,1999,8,276.458,60.407,4.4,4.68,-22,47,11.999904,0.0025,213,76,137,4.4,208.8,4.0912,37.924,47.7108,0.3,0.154,0.1,-17.42
08 September 1999,8,9,1999,8,228.501,60.407,5,4.9,-12,40,8.428504,0.0025,158,70,88,5,200.1,4.0912,38.423,43.5978,0.1,0.189,0.125,0.72
08 December 1999,8,12,1999,8,0,70.822,6.1,4.4,-40,63,72.999416,0.0025,430,110,320,6.1,278.4,7.671,40.918,64.9854,1.2,0.298,0.095,-48.11
08 March 2000,8,3,2000,8,344.162,79.154,5.4,4.39,-45,64,42.999656,0.0025,556,137,419,5.4,278.4,7.9267,34.431,52.6464,0.9,0.249,0.085,-67.26
08 June 2000,8,6,2000,8,282.1,68.739,5.5,4.72,-20,48,14.99988,0.0025,210,78,132,5.5,243.6,5.6254,40.918,49.356,0.4,0.194,0.194,-9.92
06 September 2000,6,9,2000,8,265.174,64.573,6.4,4.84,-14,44,9.571352,0.0025,171,102,69,6.4,226.2,5.6254,39.92,46.0656,0.2,0.18,0.154,7.13
06 December 2000,6,12,2000,8,270.816,64.573,4.6,4.45,-37,53,24.9998,0.0025,405,125,280,4.6,213.15,5.6254,26.946,44.4204,1.2,0.2,0.083,-47.41
11 April 2001,11,4,2001,8,194.649,64.573,5.3,4.63,-26,43,22.999816,0.0025,160,79,81,5.3,182.7,7.4153,36.427,42.7752,0.8,0.126,0.124,-11.15
12 June 2001,12,6,2001,8,189.007,66.656,4.6,4.88,-13,38,16.999864,0.0025,120,61,59,4.6,178.35,5.6254,36.427,40.3074,0.05,0.142,0.079,1.14
05 September 2001,5,9,2001,8,163.618,62.49,5.4,5.03,-7,35,11.999904,0.0025,107,43,64,5.4,165.3,4.8583,36.427,37.017,0.2,0.122,0.111,10.19
05 December 2001,5,12,2001,8,203.112,66.656,8.2,4.52,-33,43,26.999784,0.0025,285,142,143,8.2,187.05,6.1368,32.934,46.0656,1.1,0.185,0.132,-11.99
06 March 2002,6,3,2002,8,321.594,66.656,4.4,4.41,-41,61,22.999816,0.0025,350,103,247,4.4,256.65,6.1368,35.429,58.4046,1,0.196,0.089,-48.6444
12 June 2002,12,6,2002,8,228.501,52.075,7.4,4.67,-22,44,8.57136,0.002,191,107,84,7.4,204.45,5.3697,32.934,43.5978,0.5,0.1302,0.195,1.9667
04 September 2002,4,9,2002,8,189.007,49.992,8.4,5,-8,36,2.214268,0.001,166,113,53,8.4,160.95,4.8583,31.936,36.1944,0.45,0.132,0.243,23.9111
02 December 2002,2,12,2002,8,169.26,54.158,9.3,4.66,-23,38,10.7142,0.0005,170,55,115,9.3,126.15,5.3697,29.441,34.5492,0.81,0.112,0.219,6.0722
11 July 1988,11,7,1988,10,180.544,35.411,0.72,4.96,-6,32,24.28552,0.0025,168,14.3,153.7,0.72,156.6,7.9267,32.435,46.0656,0.4,0.02,0.015,-19.84
03 October 1988,3,10,1988,10,138.229,52.075,0.32,,,39.3,9.428496,0.0025,120,12,108,0.32,134.85,0,27.445,41.13,0.7,0.02,0.015,
12 December 1988,12,12,1988,10,157.976,58.324,0.36,4.96,-6,33.2,22.14268,0.0025,171,10.2,160.8,0.36,152.25,6.9039,32.435,46.0656,0.7,0.02,0.015,-22.25
07 March 1989,7,3,1989,10,220.038,52.075,0.64,4.93,-5,39.6,30.71404,0.0025,251,7.6,243.4,0.64,191.4,9.9723,34.93,54.2916,0.7,0.02,0.015,-29.16
06 June 1989,6,6,1989,10,208.754,58.324,0.55,5.01,-4,33.3,21.999824,0.0025,155,10.5,144.5,0.55,178.35,7.9267,38.423,52.6464,0.5,0.023,0.015,-17.58
19 September 1989,19,9,1989,10,149.513,56.241,0.48,5.04,-6,28.2,9.99992,0.0025,93.4,15.4,78,0.48,139.2,8.1824,27.445,37.017,0.5,0.027,0.015,-12.51
05 December 1989,5,12,1989,10,163.618,62.49,0.37,5.04,-6,33.9,12.85704,0.0025,77,12.4,64.6,0.37,147.9,6.3925,30.439,41.13,0.7,0.02,0.015,-11.51
16 March 1990,16,3,1990,10,327.236,68.739,0.21,4.93,-7,49,25.285512,0.0025,300,6.2,293.8,0.21,265.35,9.4609,42.914,76.5018,0.8,0.021,0.19,-38.7
14 June 1990,14,6,1990,10,299.026,62.49,0.1,4.91,-10,47.9,17.214148,0.0025,221,14.6,206.4,0.1,243.6,10.4837,42.914,64.1628,0.5,0.02,0.015,-32.48
05 September 1990,5,9,1990,10,234.143,66.656,0.42,5.05,-4,41.5,10.642772,0.0025,99,5,94,0.42,191.4,7.9267,38.423,48.5334,0.5,0.026,0.015,-12.55
06 December 1990,6,12,1990,10,205.933,68.739,0.5,,,37.9,23.57124,0.0025,12.2,11.6,2,0.5,178.35,13.0407,38.423,46.8882,0.7,0.02,0.015,
14 March 1991,14,3,1991,10,267.995,64.573,0.84,,,48.6,40.35682,0.0025,265,10,255,0.84,256.65,9.9723,47.904,66.6306,0.7,0.024,0.015,
06 June 1991,6,6,1991,10,245.427,72.905,0.1,,,41.4,42.285376,0.0025,27,5,22,0.1,182.7,10.228,39.92,59.2272,0.5,0.025,0.015,
10 September 1991,10,9,1991,10,163.618,66.656,1.36,5.16,-1,33.8,14.357028,0.0025,79,15,64,1.36,152.25,5.8811,41.916,48.5334,0.5,0.073,0.015,-1.99
05 December 1991,5,12,1991,10,236.964,64.573,0.34,4.91,-10,37.5,21.356972,0.0025,173,17,156,0.34,195.75,10.228,38.922,51.8238,0.6,0.023,0.015,-25.8
03 March 1992,3,3,1992,10,214.396,62.49,0.57,5,-13,40.2,34.785436,0.0025,228,29,199,0.57,182.7,9.2052,38.922,54.2916,0.7,0.023,0.015,-32.55
10 June 1992,10,6,1992,10,163.618,62.49,0.5,4.94,-9,33,20.999832,0.0025,107,7,100,0.5,147.9,7.1596,30.439,45.243,0.4,0.017,0.015,-17.86
01 September 1992,1,9,1992,10,146.692,60.407,1.1,5.1,-5,28,8.999928,0.0025,71,16,55,1.1,134.85,5.6254,26.447,37.8396,0.5,0.017,0.015,-6.16
06 December 1992,6,12,1992,10,166.439,58.324,0.7,5.03,-7,31,10.999912,0.0025,97,19,78,0.7,143.55,2.557,28.443,41.9526,0.6,0.012,0.015,-12.52
01 March 1993,1,3,1993,10,242.606,60.407,0.5,4.96,-9,43,21.999824,0.0025,179,8,171,0.5,191.4,7.671,34.431,56.7594,0.7,0.016,0.015,-25.75
07 June 1993,7,6,1993,10,166.439,66.656,0.9,4.94,-8,31,11.999904,0.0025,111,8,103,0.9,152.25,2.557,26.447,44.4204,0.5,0.013,0.015,-15.39
31 August 1993,31,8,1993,10,126.945,64.573,0.9,5.14,-4,24,5.999952,0.0025,52,8,44,0.9,126.15,5.3697,25.449,29.6136,0.4,0.014,0.015,-4.84
05 December 1993,5,12,1993,10,129.766,66.656,1.1,5.01,-8,28,12.999896,0.0025,78,11,67,1.1,130.5,7.1596,27.944,37.8396,0.5,0.015,0.015,-10.49
03 March 1994,3,3,1994,10,183.365,60.407,0.6,4.99,-9,34,20.999832,0.0025,154,6,148,0.6,160.95,6.9039,31.437,50.1786,0.7,0.014,0.015,-22.74
31 May 1994,31,5,1994,10,180.544,60.407,1.8,5.04,-8,32,13.999888,0.0025,85,2,81,1.8,156.6,7.671,29.94,44.4204,0.4,0.012,0.015,-8.9
31 August 1994,31,8,1994,10,135.408,66.656,1,5.17,-4,27,6.999944,0.0025,47,12,35,1,126.15,5.6254,22.954,32.904,0.4,0.023,0.015,-3.39
07 December 1994,7,12,1994,10,135.408,62.49,1.6,5.16,-4,33,16.999864,0.0025,70,9,61,1.6,134.85,8.9495,26.447,37.8396,0.7,0.018,0.015,-3.58
07 March 1995,7,3,1995,10,208.754,52.075,1.1,4.95,-11,41,32.999736,0.0025,160,10,150,1.1,174,2.557,31.437,55.1142,0.6,0.035,0.015,-22.72
06 June 1995,6,6,1995,10,197.47,60.407,0.9,4.98,-11,39,29.99976,0.0025,143,2,140,0.9,174,6.9039,31.936,47.7108,0.4,0.016,0.015,-22.51
05 September 1995,5,9,1995,10,146.692,58.324,1,5.18,6,29,14.99988,0.0025,39,6,33,1,139.2,6.3925,29.441,39.4848,0.4,0.048,0.015,6.83
06 December 1995,6,12,1995,10,166.439,60.407,1.7,5.02,1,33,25.999792,0.0025,90,8,82,1.7,156.6,6.9039,33.932,52.6464,0.9,0.031,0.015,-0.46
06 March 1996,6,3,1996,10,166.439,62.49,0.9,4.99,-11,36,47.999616,0.0025,159,10,149,0.9,160.95,8.1824,32.934,50.1786,0.7,0.023,0.015,-23.51
05 June 1996,5,6,1996,10,124.124,58.324,1.8,5,-7,33,39.99968,0.0025,100,15,85,1.8,139.2,6.3925,33.932,45.243,0.6,0.016,0.015,-8.34
03 September 1996,3,9,1996,10,118.482,66.656,1.5,5.19,-4,27,20.999832,0.0025,32,11,21,1.5,126.15,5.3697,29.94,37.017,0.4,0.021,0.015,0.42
04 December 1996,4,12,1996,10,166.439,56.241,1.1,4.96,-10,33,22.999816,0.0025,117,10,107,1.1,139.2,7.1596,26.946,43.5978,0.7,0.017,0.015,-16.94
06 March 1997,6,3,1997,10,211.575,56.241,0.8,4.91,-12,40,27.999776,0.0025,147,5,142,0.8,174,7.9267,33.433,54.2916,0.7,0.017,0.015,-24.18
09 June 1997,9,6,1997,10,183.365,58.324,0.9,4.98,-10,34,16.999864,0.0025,99,14,85,0.9,152.25,5.8811,31.437,45.243,0.5,0.014,0.015,-15.39
04 September 1997,4,9,1997,10,172.081,64.573,1.3,5.23,-2,27,9.714208,0.0025,61,14,47,1.3,160.95,6.1368,0,58.4046,0.2,0.02,0.015,-1.37
03 December 1997,3,12,1997,10,129.766,60.407,0.9,5.17,-4,28,17.999856,0.0025,67,15,52,0.9,126.15,5.3697,23.453,37.017,0.8,0.02,0.015,-5.73
01 March 1998,1,3,1998,10,256.711,58.324,2.7,4.94,-10,41,27.999776,0.0025,152,9,143,2.7,187.05,8.6938,31.437,57.582,0.7,0.017,0.015,-13.74
02 June 1998,2,6,1998,10,172.081,62.49,0.9,5.02,-9,32,20.999832,0.0025,70,8,62,0.9,156.6,6.9039,29.94,41.9526,0.6,0.015,0.015,-11.84
03 September 1998,3,9,1998,10,115.661,64.573,2.6,5.08,-7,25,7.999936,0.006,34,17,17,2.6,113.1,4.3469,27.944,27.9684,0.5,0.018,0.03,2.81
03 December 1998,3,12,1998,10,152.334,54.158,1.1,5.04,-8,29,15.999872,0.0025,44,8,36,1.1,139.2,7.671,23.453,37.8396,0.7,0.014,0.015,-7.05
03 March 1999,3,3,1999,10,225.68,49.992,0.9,4.96,-10,37,25.999792,0.0025,134,10,124,0.9,178.35,7.1596,28.443,51.8238,0.7,0.015,0.015,-19.73
03 June 1999,3,6,1999,10,166.439,52.075,1.6,5.06,-7,29,16.999864,0.0025,60,14,46,1.6,134.85,5.114,25.449,41.13,0.5,0.017,0.0075,-4.91
02 September 1999,2,9,1999,10,129.766,54.158,1.1,5.17,-5,26,10.999912,0.0025,35,9,26,1.1,121.8,4.0912,24.451,36.1944,0.2,0.022,0.0075,-2.94
01 December 1999,1,12,1999,10,157.976,54.158,1.1,5.07,-7,31,17.999856,0.0025,73,12,61,1.1,152.25,6.1368,25.948,43.5978,0.7,0.016,0.0075,-8.83
02 March 2000,2,3,2000,10,203.112,47.909,0.9,4.92,-9,35,19.99984,0.0025,107,10,97,0.9,174,7.4153,25.948,45.243,0.4,0.012,0.0075,-15.73
30 May 2000,30,5,2000,10,166.439,52.075,1.1,5.1,-5,31,16.999864,0.0025,103,19,84,1.1,147.9,6.1368,27.445,41.13,0.5,0.013,0.013,-9.38
06 September 2000,6,9,2000,10,118.482,49.992,1.9,5.22,-3,24,6.78566,0.0025,35,13,22,1.9,113.1,4.3469,20.459,29.6136,0.4,0.016,0.011,3.11
12 December 2000,12,12,2000,10,138.229,47.909,1.1,5.07,-7,27,12.999896,0.0025,66,8,58,1.1,121.8,5.6254,20.459,34.5492,0.6,0.009,0.003,-8.49
01 March 2001,1,3,2001,10,0,0,,,,,,,,,,,0,0,0,0,,,,
04 August 2001,4,8,2001,10,0,0,,5.22,-3,26,16.999864,0.0025,43,2,42,,0,0,0,0,,,,
05 September 2001,5,9,2001,10,118.482,52.075,1.8,5.57,2,26,12.999896,0.0025,13,2,9,1.8,126.15,7.1596,21.457,30.4362,0.5,0.016,0.007,10
28 November 2001,28,11,2001,10,129.766,49.992,1.3,5.1,-6,28,19.99984,0.0025,45,19,26,1.3,130.5,7.4153,25.449,40.3074,0.7,0.013,0.007,-3.04
28 February 2002,28,2,2002,10,200.291,45.826,0.9,4.9,-12,36,23.999808,0.0025,74,13,61,0.9,160.95,7.4153,25.948,48.5334,0.7,0.014,0.009,-14.7278
07 June 2002,7,6,2002,10,155.155,49.992,1.7,5.02,-8,30,15.71416,0.0005,46,4,42,1.7,139.2,6.1368,25.449,41.13,0.6,0.0106,0.004,-5.0167
02 September 2002,2,9,2002,10,107.198,49.992,1.6,5.24,-3,23,9.28564,0.0005,14,11,2,1.6,100.05,4.0912,19.96,28.791,0.61,0.01,0.007,3.9778
05 December 2002,5,12,2002,10,135.408,52.075,2,5.07,-8,26,19.28556,0.0005,43,4,39,2,95.7,5.8811,21.956,36.1944,0.73,0.011,0.006,-3.3333
27 February 2003,27,2,2003,10,157.976,52.075,1.3,5.17,-4,29,22.14268,0.0005,50,8,42,1.3,117.45,7.4153,24.451,41.9526,0.69,0.011,0.003,-2.8167
11 July 1988,11,7,1988,11,180.544,102.067,3.06,6.64,48,40.3,7.85708,0.0025,9.7,5.7,2,3.06,182.7,9.2052,97.305,71.5662,0.5,0.02,0.05,62.86
03 October 1988,3,10,1988,11,180.544,64.573,1.21,6.6,42,37.3,3.5714,0.0025,5,5,2,1.21,182.7,6.6482,84.83,63.3402,0.9,0.01,0.04,47.77
12 December 1988,12,12,1988,11,211.575,85.403,1.03,6.31,31,45.2,9.28564,0.0025,2,2,2,1.03,204.45,8.1824,97.305,65.808,1.4,0.0015,0.015,35.87
07 March 1989,7,3,1989,11,225.68,74.988,1.18,6.44,37,41.8,12.85704,0.0025,5.9,2,2,1.18,217.5,9.9723,79.84,62.5176,1.1,0.05,0.015,42.62
06 June 1989,6,6,1989,11,217.217,77.071,0.94,6.83,55,38.3,6.42852,0.0025,2,2,2,0.94,200.1,8.6938,90.818,66.6306,0.5,0.007,0.015,59.42
19 September 1989,19,9,1989,11,203.112,81.237,1.52,6.76,58,40.1,1.285704,0.0025,2,2,2,1.52,195.75,15.342,99.8,63.3402,0.4,0.004,0.015,65.32
05 December 1989,5,12,1989,11,239.785,91.652,1.41,6.56,60,46.7,5.785668,0.0025,5.4,2,2,1.41,226.2,10.9951,106.786,72.3888,0.9,0.007,0.015,66.77
16 March 1990,16,3,1990,11,279.279,87.486,1.62,6.65,50,48,8.57136,0.0025,2,2,2,1.62,243.6,10.228,95.808,76.5018,1,0.003,0.015,57.82
14 June 1990,14,6,1990,11,251.069,64.573,1.35,6.76,67,48.3,1.285704,0.0025,13.8,11.6,2,1.35,213.15,6.9039,110.778,71.5662,0.7,0.004,0.015,73.47
05 September 1990,5,9,1990,11,256.711,81.237,1.32,6.99,75,53.6,1.285704,0.0025,2,2,2,1.32,226.2,8.1824,113.273,76.5018,0.3,0.006,0.015,81.32
06 December 1990,6,12,1990,11,273.637,87.486,0.98,6.38,51,49.4,6.07138,0.0025,5.4,2,2,0.98,234.9,15.0863,118.263,78.9696,1.2,0.0015,0.015,55.62
06 March 1991,6,3,1991,11,287.742,93.735,1.17,6.09,17,51.9,9.928492,0.0025,2,2,2,1.17,239.25,8.1824,97.804,74.8566,1,0.009,0.015,22.57
06 June 1991,6,6,1991,11,262.353,89.569,2.41,6.4,25,53.9,6.571376,0.0025,5,2,2,2.41,217.5,7.671,102.794,74.034,0.4,0.01,0.015,36.77
10 September 1991,10,9,1991,11,242.606,74.988,1.94,6.78,66,47.4,1.285704,0.0025,8,7,2,1.94,213.15,8.4381,117.764,74.8566,0.3,0.012,0.015,75.42
05 December 1991,5,12,1991,11,276.458,89.569,1.12,5.97,23,45.2,5.928524,0.0025,12,12,2,1.12,226.2,9.7166,93.812,65.808,0.7,0.009,0.015,28.32
03 March 1992,3,3,1992,11,208.754,70.822,1.71,5.5,,41.1,7.357084,0.0025,42,35,7,1.71,169.65,12.2736,49.401,42.7752,0.6,0.018,0.03,
09 June 1992,9,6,1992,11,222.859,74.988,1.7,6.65,43,40,4.99996,0.0025,5,2,2,1.7,191.4,11.2508,85.828,63.3402,0.3,0.0015,0.015,51.22
01 September 1992,1,9,1992,11,217.217,74.988,1.9,6.68,56,40,1.285704,0.0025,5,2,2,1.9,191.4,6.3925,96.307,65.808,0.7,0.004,0.015,65.22
06 December 1992,6,12,1992,11,205.933,77.071,1.7,6.48,41,38,3.999968,0.0025,16,16,2,1.7,187.05,2.557,84.331,58.4046,0.9,0.0015,0.015,49.22
01 March 1993,1,3,1993,11,234.143,85.403,1.1,6.56,44,44,6.999944,0.0025,2,2,2,1.1,208.8,8.4381,92.814,63.3402,1.1,0.006,0.015,49.22
07 June 1993,7,6,1993,11,197.47,83.32,1.4,6.61,50,37,2.999976,0.0025,2,2,2,1.4,187.05,2.557,88.822,64.9854,0.5,0.005,0.015,56.72
31 August 1993,31,8,1993,11,180.544,72.905,2,6.75,67,34,1.285704,0.0025,2,2,2,2,169.65,5.3697,96.307,53.469,0.4,0.0015,0.015,76.72
05 December 1993,5,12,1993,11,157.976,118.731,4.7,4.38,-44,48,1.285704,0.0025,24,10,14,4.7,156.6,8.4381,44.411,56.7594,0.7,0.023,0.12,-24.41
03 March 1994,3,3,1994,11,183.365,102.067,1.5,6.41,31,38,5.999952,0.0025,6,5,2,1.5,182.7,7.671,81.337,62.5176,1.1,0.005,0.015,38.22
31 May 1994,31,5,1994,11,203.112,83.32,1.5,6.68,60,39,1.285704,0.0025,2,2,2,1.5,187.05,9.2052,91.317,63.3402,0.5,0.0015,0.015,67.22
31 August 1994,31,8,1994,11,197.47,77.071,2.7,6.74,65,39,1.285704,0.0025,2,2,2,2.7,169.65,6.9039,93.812,62.5176,0.4,0.0015,0.015,78.22
17 December 1994,17,12,1994,11,174.902,77.071,3.3,6.38,32,40,5.999952,0.0025,27,26,2,3.3,169.65,10.228,72.355,54.2916,1.2,0.004,0.045,48.22
07 March 1995,7,3,1995,11,217.217,81.237,1.7,6.49,36,42,7.214228,0.0025,7,5,2,1.7,208.8,2.557,76.846,64.1628,1.4,0.004,0.015,44.22
06 June 1995,6,6,1995,11,172.081,74.988,2.9,6.62,59,38,3.785684,0.0025,10,6,2,2.9,174,2.557,81.836,54.2916,0.4,0.0015,0.02,73.06
05 September 1995,5,9,1995,11,174.902,70.822,3.1,6.73,96,40,1.285704,0.0025,7,6,2,3.1,174,7.671,104.291,64.1628,0.2,0.003,0.015,111.22
06 December 1995,6,12,1995,11,194.649,79.154,2.7,6.44,68,41,7.928508,0.0025,2,2,2,2.7,169.65,8.4381,87.325,55.9368,0.8,0.0015,0.015,81.22
06 March 1996,6,3,1996,11,183.365,91.652,1.6,6.34,71,39,10.999912,0.0025,7,7,2,1.6,182.7,7.9267,98.802,68.2758,1.1,0.003,0.015,78.72
05 June 1996,5,6,1996,11,163.618,85.403,3.7,6.35,52,40,8.21422,0.0025,7,7,2,3.7,174,7.4153,96.307,60.8724,0.5,0.0015,0.015,70.22
03 September 1996,3,9,1996,11,172.081,83.32,3,6.81,81,39,1.285704,0.0025,2,2,2,3,169.65,7.9267,104.79,64.1628,0.2,0.0015,0.015,95.72
04 December 1996,4,12,1996,11,217.217,85.403,2.1,5.94,14,40,6.499948,0.0025,13,13,2,2.1,191.4,5.8811,71.856,54.2916,1.2,0.007,0.015,24.22
06 March 1997,6,3,1997,11,205.933,81.237,2.3,6.48,44,41,7.49994,0.0025,2,2,2,2.3,191.4,8.1824,86.327,64.1628,0.9,0.0015,0.015,55.22
09 June 1997,9,6,1997,11,197.47,74.988,2.6,6.8,60,23,4.214252,0.0025,9,9,2,2.6,182.7,7.1596,93.313,60.0498,0.5,0.0015,0.015,72.72
03 September 1997,3,9,1997,11,129.766,56.241,3.6,6.81,73,38,1.285704,0.0025,8,8,2,3.6,126.15,4.8583,31.936,33.7266,0.4,0.024,0.03,90.72
03 December 1997,3,12,1997,11,169.26,68.739,2.5,6.72,63,34,5.928524,0.0025,8,8,2,2.5,156.6,6.9039,80.838,54.2916,1,0.004,0.015,75.22
01 March 1998,1,3,1998,11,242.606,81.237,2,6.53,46,45,8.428504,0.0025,6,6,2,2,195.75,8.9495,83.832,61.695,1.1,0.004,0.235,55.72
02 June 1998,2,6,1998,11,189.007,77.071,2,6.86,58,39,7.285656,0.0025,5,2,2,2,178.35,7.4153,84.331,58.4046,0.7,0.012,0.015,67.72
03 September 1998,3,9,1998,11,160.797,68.739,3.9,7.01,87,36,3.499972,0.0025,7,6,2,3.9,156.6,6.1368,115.768,55.1142,0.6,0.005,0.075,106.22
04 December 1998,4,12,1998,11,183.365,66.656,2.7,6.53,43,34,6.07138,0.0025,2,2,2,2.7,169.65,8.9495,71.357,51.8238,0.9,0.0015,0.015,56.22
03 March 1999,3,3,1999,11,189.007,56.241,3.4,5.72,4,30,12.999896,0.0025,33,27,6,3.4,165.3,8.1824,38.423,42.7752,0.8,0.015,0.035,20.33
04 June 1999,4,6,1999,11,183.365,60.407,2.8,6.72,51,33,4.928532,0.0025,7,7,2,2.8,160.95,4.8583,74.85,55.9368,0.4,0.0015,0.04,64.72
02 September 1999,2,9,1999,11,174.902,62.49,2.6,6.74,77,37,2.999976,0.0025,7,2,2,2.6,165.3,6.6482,87.325,60.8724,0.1,0.0015,0.0075,89.67
01 December 1999,1,12,1999,11,239.785,70.822,2.3,6.44,27,41,12.999896,0.0025,16,13,2,2.3,213.15,7.9267,75.848,67.4532,1.4,0.006,0.025,38.17
02 March 2000,2,3,2000,11,180.544,49.992,1.6,5.3,-1,31,8.428504,0.0025,20,14,6,1.6,156.6,7.4153,32.435,37.8396,0.4,0.011,0.0075,5.53
31 May 2000,31,5,2000,11,205.933,68.739,2.2,6.54,61,38,5.499956,0.0025,7,2,2,2.2,182.7,7.671,83.832,57.582,0.4,0.002,0.001,71.67
06 September 2000,6,9,2000,11,169.26,49.992,4.6,6.56,53,30,1.285704,0.0025,5,5,2,4.6,147.9,5.8811,76.846,53.469,0.4,0.005,0.014,75.72
12 December 2000,12,12,2000,11,152.334,54.158,2.4,6.39,36,30,6.285664,0.0025,10,10,2,2.4,139.2,6.6482,53.892,42.7752,1,0.001,0.012,47.72
01 March 2001,1,3,2001,11,0,0,,,,,0,,,,,,0,0,0,0,,,,
05 July 2001,5,7,2001,11,135.408,66.656,1.7,6.67,68,37,6.928516,0.0025,7,6,2,1.7,147.9,5.8811,85.828,55.9368,0.3,0.0005,0.006,76.22
04 September 2001,4,9,2001,11,135.408,56.241,4,6.76,80,36,1.285704,0.0025,2,2,2,4,143.55,6.1368,86.327,54.2916,0.4,0.003,0.017,99.72
28 November 2001,28,11,2001,11,155.155,60.407,3.7,6.5,53,36,7.285656,0.0025,9,9,2,3.7,156.6,8.9495,77.345,57.582,1,0.001,0.008,71.22
28 February 2002,28,2,2002,11,205.933,62.49,1.8,6.27,28,38,11.999904,0.0025,10,6,2,1.8,182.7,7.4153,63.872,56.7594,1.1,0.004,0.009,36.7778
07 June 2002,7,6,2002,11,169.26,60.407,3.2,6.58,52,39,9.28564,0.001,2,2,2,3.2,165.3,6.9039,74.85,55.1142,0.7,0.0052,0.005,67.7778
02 September 2002,2,9,2002,11,152.334,52.075,3.6,6.77,82,43,2.214268,0.0005,7,6,2,3.6,139.2,5.114,81.836,56.7594,0.55,0.009,0.016,99.7778
05 December 2002,5,12,2002,11,163.618,62.49,3.6,6.71,60,34,7.85708,0.0005,2,2,2,3.6,121.8,8.4381,74.85,55.9368,0.96,0.002,0.012,77.7778
27 February 2003,27,2,2003,11,152.334,64.573,2.4,6.59,52,35,9.99992,0.0005,2,2,2,2.4,147.9,7.9267,71.357,56.7594,1.13,0.001,0.004,63.7778
06 September 1988,6,9,1988,15,115.661,39.577,4,5.3,0.91,23,3.5714,0.05,101,44,57,4,113.1,2.557,44.91,31.2588,0.2,0.04,0.13,12.58
06 December 1988,6,12,1988,15,141.05,54.158,2.7,5.2,-1.36,27,7.1428,0.05,66,5,61,2.7,134.85,2.557,44.91,39.4848,0.3,0.03,0.09,4.01
07 March 1989,7,3,1989,15,234.143,49.992,1.8,5,-6.55,39,12.85704,0.05,74,43,31,1.8,195.75,6.1368,52.395,51.8238,0.2,0.04,0.05,-1.89
06 June 1989,6,6,1989,15,234.143,62.49,1.8,5.3,0.91,35,7.85708,0.05,5,2.5,2.5,1.8,191.4,2.557,54.391,50.1786,0.05,0.047,0.03,8.73
05 September 1989,5,9,1989,15,160.797,70.822,2.1,6.3,35.16,35,3.5714,0.05,77,77,2.5,2.1,152.25,2.557,52.395,45.243,0.3,0.129,0.015,45.38
05 December 1989,5,12,1989,15,194.649,60.407,2.3,5,-6.55,34,19.99984,0.05,95,15,80,2.3,169.65,2.557,52.395,44.4204,0.3,0.047,0.09,-5.09
06 March 1990,6,3,1990,15,341.341,58.324,1.5,4.9,-9.7,50,6.42852,0.05,96,29,67,1.5,269.7,5.3697,56.387,64.9854,0.2,0.064,0.044,-10.39
05 June 1990,5,6,1990,15,378.014,70.822,2,5.3,0.91,58,4.99996,0.05,53,17,36,2,291.45,2.557,76.347,74.8566,0.05,0.077,0.025,5.91
04 September 1990,4,9,1990,15,262.353,70.822,2.4,5.5,5.31,40,1.285704,0.05,51,34,17,2.4,213.15,2.557,93.812,57.582,0.2,0.126,0.09,15.42
04 December 1990,4,12,1990,15,228.501,64.573,0.1,5.1,-3.81,37,38.57112,0.05,104,41,63,0.1,191.4,2.557,70.858,51.0012,0.4,0.042,0.11,-10.36
05 March 1991,5,3,1991,15,304.668,68.739,1.3,5,-6.55,48,17.14272,0.02,192,33,159,1.3,247.95,5.3697,61.377,68.2758,0.3,0.067,0.035,-18.37
04 June 1991,4,6,1991,15,228.501,79.154,1.56,5.4,3.1,37.8,1.285704,0.02,58,26,32,1.56,195.75,2.557,64.371,52.6464,4.1,0.047,0.025,6.56
03 September 1991,3,9,1991,15,160.797,64.573,3.5,5.46,4.42,29.5,1.285704,0.02,93,48,45,3.5,147.9,2.557,58.383,40.3074,0.2,0.059,0.14,15.17
03 December 1991,3,12,1991,15,282.1,66.656,2.5,4.78,-14.27,41.6,7.85708,0.02,38,2.5,35.5,2.5,213.15,5.6254,0,55.1142,0.4,0.047,0.085,-6.96
03 March 1992,3,3,1992,15,273.637,72.905,1.7,4.8,-13.44,40.9,19.99984,0.02,51,36,15,1.7,230.55,6.6482,62.874,60.0498,0.4,0.041,0.045,-7.46
02 June 1992,2,6,1992,15,157.976,64.573,2.1,5.4,3.1,30,6.42852,0.02,,,,2.1,152.25,2.557,45.409,38.6622,0.7,0.041,0.05,
01 September 1992,1,9,1992,15,138.229,54.158,3.7,5.27,33.4,25.4,1.285704,0.02,89,74,15,3.7,126.15,2.557,43.912,37.017,0.4,0.042,0.14,48.38
01 December 1992,1,12,1992,15,155.155,49.992,2.2,5.2,-1.6,24,24.28552,0.02,68,44,24,2.2,134.85,2.557,38.423,34.5492,0.4,0.024,0.08,5.63
02 March 1993,2,3,1993,15,239.785,58.324,1.3,5.1,-3.6,34.18,12.14276,0.02,53,28,25,1.3,191.4,5.8811,51.397,50.1786,0.2,0.038,0.035,-0.53
01 June 1993,1,6,1993,15,155.155,77.071,2,5.2,-3.4,29,10.7142,0.04,68,45,23,2,152.25,2.557,52.395,46.0656,0.8,0.055,0.075,3.04
07 September 1993,7,9,1993,15,121.303,58.324,3.2,5.7,17,24,1.285704,0.02,79,58,21,3.2,126.15,2.557,45.908,34.5492,0.2,0.251,0.25,30.67
07 December 1993,7,12,1993,15,124.124,68.739,3,5.1,5.4,26,4.99996,0.02,70,56,14,3,126.15,5.6254,49.9,38.6622,0.3,0.021,0.1,17.34
28 February 1994,28,2,1994,15,186.186,60.407,1.2,4.9,-1.4,32,12.14276,0.026,60,31,29,1.2,165.3,6.6482,43.413,41.9526,0.2,0.04,0.045,0.78
07 June 1994,7,6,1994,15,138.229,60.407,2,5.3,8,25.7,1.285704,0.02,57,49,8,2,134.85,2.557,37.924,31.2588,0.05,0.096,0.12,16.11
06 September 1994,6,9,1994,15,121.303,56.241,4.2,5.4,14,20,4.99996,0.02,87,6,81,4.2,108.75,2.557,41.417,32.0814,0.2,0.105,0.235,23.9
06 December 1994,6,12,1994,15,98.735,43.743,2.58,5.3,0.6,18,6.42852,0.02,84,21,63,2.58,100.05,5.6254,30.938,21.3876,0.3,0.02,0.1,5.21
07 March 1995,7,3,1995,15,253.89,43.743,1.3,5.14,-0.4,36,8.57136,0.02,57,2.5,54,1.3,200.1,2.557,46.407,48.5334,0.2,0.038,0.045,-0.55
06 June 1995,6,6,1995,15,222.859,60.407,1.7,6.25,25,34,7.1428,0.005,38,25,13,1.7,200.1,2.557,55.888,52.6464,0.05,0.031,0.05,32.06
05 September 1995,5,9,1995,15,166.439,68.739,3,5.67,5,22,5.71424,0.005,55,41,14,3,156.6,2.557,53.892,42.7752,0.3,0.217,0.105,18.44
05 December 1995,5,12,1995,15,172.081,60.407,3.6,5.35,-1.4,36,9.28564,0.005,77,46,31,3.6,156.6,2.557,54.391,48.5334,0.4,0.024,0.13,11.36
05 March 1996,5,3,1996,15,197.47,77.071,1.6,5.34,5,30,34.99972,0.002,64,34,30,1.6,187.05,2.557,67.864,60.0498,0.4,0.039,0.07,8.87
04 June 1996,4,6,1996,15,126.945,81.237,0.7,5.51,4,30,19.99984,0.002,70,52,18,0.7,139.2,3.0684,54.391,44.4204,,0.029,0.065,5.5
03 September 1996,3,9,1996,15,118.482,68.739,5.5,5.83,12,16,3.5714,0.002,66,45,21,5.5,117.45,2.557,52.395,41.9526,0.2,0.039,0.11,37.17
03 December 1996,3,12,1996,15,205.933,45.826,1.9,5.42,4.4,22,12.14276,0.002,63,,,1.9,169.65,4.6026,46.407,47.7108,0.3,0.051,0.08,
04 March 1997,4,3,1997,15,256.711,54.158,1.7,5.04,-8,33,8.57136,0.002,67,39,28,1.7,200.1,5.114,57.385,54.2916,0.2,0.053,0.04,-3.46
03 June 1997,3,6,1997,15,194.649,60.407,3.4,5.63,4,31,5.71424,0.002,52,43,9,3.4,169.65,2.557,51.397,44.4204,,0.033,0.045,20
02 September 1997,2,9,1997,15,118.482,52.075,4.6,5.66,16.6,24,1.285704,0.002,193,39,154,4.6,121.8,2.0456,41.916,35.3718,0.2,0.057,0.15,22.49
02 December 1997,2,12,1997,15,98.735,45.826,3.3,5.76,13,13,9.99992,0.002,80,80,2.5,3.3,104.4,3.0684,36.427,30.4362,0.4,0.019,0.15,29.22
03 March 1998,3,3,1998,15,256.711,56.241,2.3,5.33,-2,27,17.14272,0.002,64,5,59,2.3,191.4,4.8583,47.405,48.5334,0.3,0.033,0.055,1.79
02 June 1998,2,6,1998,15,146.692,60.407,2.8,5.72,4.2,24,3.5714,0.002,56,38,18,2.8,134.85,2.557,41.417,35.3718,,0.03,0.06,16.2
01 September 1998,1,9,1998,15,121.303,35.411,2.78,5.64,10,11,3.5714,0.002,94,94,2.5,2.78,104.4,1.5342,36.926,28.791,0.3,0.044,0.145,23.62
01 December 1998,1,12,1998,15,259.532,45.826,2.65,5.39,0.6,29,9.28564,0.002,60,38,22,2.65,204.45,3.8355,53.892,55.1142,0.3,0.04,0.09,10.08
02 March 1999,2,3,1999,15,245.427,49.992,2.91,5.33,-0.6,36,12.85704,0.002,63,22,41,2.91,195.75,5.114,45.908,49.356,0.2,0.026,0.05,7.94
01 June 1999,1,6,1999,15,200.291,52.075,2.28,5.72,6.6,30,3.142832,0.002,41.7,41.7,2.5,2.28,165.3,0.63925,45.908,41.9526,,0.019,0.055,17.72
07 September 1999,7,9,1999,15,143.871,47.909,3.89,5.95,13,16,5.71424,0.005,101,62,39,3.89,139.2,3.0684,45.908,39.4848,0.2,0.036,0.095,28.12
07 December 1999,7,12,1999,15,251.069,47.909,3.14,5.47,4.6,29,13.714176,0.002,79,55,24,3.14,208.8,5.8811,58.383,58.4046,0.4,0.024,0.11,16.06
07 March 2000,7,3,2000,15,172.081,43.743,2.47,5.41,4.4,27,2.714264,0.002,53,47,6,2.47,165.3,7.671,55.389,36.1944,0.05,0.02,0.055,14.85
06 June 2000,6,6,2000,15,107.198,47.909,2.98,5.56,6,34.4,1.285704,0.007,72.9,71,2.5,2.98,117.45,1.5342,35.429,28.791,0.2,0.019,0.019,20.62
06 September 2000,6,9,2000,15,107.198,39.577,4.9,5.67,11,11.1,4.499964,0.002,116,82,34,4.9,104.4,2.0456,40.918,32.904,0.4,0.06,0.204,31.72
04 December 2000,4,12,2000,15,191.828,35.411,3,5.71,7.6,31.5,4.857104,0.002,47,42,5,3,152.25,5.114,38.423,38.6622,0.2,0.022,0.069,22.04
01 March 2001,1,3,2001,15,0,0,,,,,,,,,,,0,0,0,0,,,,
04 June 2001,4,6,2001,15,95.914,45.826,4.12,5.89,15.4,13.64,4.071396,0.002,115,63,52,4.12,113.1,2.557,34.93,28.791,0.05,0.019,0.067,30.22
31 August 2001,31,8,2001,15,95.914,37.494,4.56,5.97,24.6,14,1.285704,0.002,96,64,32,4.56,104.4,2.8127,42.914,32.904,0.05,0.032,0.109,43.84
06 December 2001,6,12,2001,15,129.766,31.245,3.02,6.3,26,15.9,4.28568,0.002,63,56,7,3.02,121.8,4.6026,34.93,32.904,0.1,0.018,0.117,40.32
04 March 2002,4,3,2002,15,253.89,37.494,2.96,5.75,14.4,27,9.857064,0.002,59,34,25,2.96,200.1,5.8811,36.926,48.5334,0.1,0.031,0.055,26.4222
07 June 2002,7,6,2002,15,200.291,41.66,1.83,5.59,11.4,23,2.14284,0.002,74,60,14,1.83,169.65,1.7899,46.407,45.243,0.05,0.0304,0.099,18.9944
04 September 2002,4,9,2002,15,124.124,35.411,5.21,5.96,21.6,23,1.42856,0.002,106,73,33,5.21,117.45,2.0456,40.419,34.5492,0.05,0.067,0.132,43.9833
02 December 2002,2,12,2002,15,265.174,45.826,2.8,5.58,7,35,4.28568,0.002,63,56,7,2.8,208.8,5.114,47.904,53.469,0.17,0.039,0.101,20.2222
05 March 2003,5,3,2003,15,231.322,45.826,2.09,5.78,13,27,4.28568,0.005,51,43,8,2.09,195.75,6.1368,47.904,51.8238,0.28,0.025,0.059,22.5611
06 September 1988,6,9,1988,16,242.606,68.739,2.4,5.5,5.31,40,3.5714,0.05,70,35,35,2.4,217.5,2.557,54.89,41.9526,0.4,0.02,0.02,13.42
06 December 1988,6,12,1988,16,284.921,74.988,1.8,5.7,10.14,45,3.5714,0.05,100,20,80,1.8,252.3,2.557,74.85,62.5176,0.9,0.01,0.03,10.25
07 March 1989,7,3,1989,16,341.341,68.739,1.5,5.1,-3.81,50,15.71416,0.05,126,88,38,1.5,278.4,7.4153,67.365,69.921,0.6,0.04,0.16,-1.28
06 June 1989,6,6,1989,16,349.804,72.905,3.2,5.9,16.13,48,4.28568,0.05,5,2.5,2.5,3.2,287.1,2.557,81.836,69.921,0.05,0.021,0.06,31.85
05 September 1989,5,9,1989,16,287.742,79.154,1.6,6.3,35.16,49,3.5714,0.07,45,45,2.5,1.6,265.35,2.557,74.85,63.3402,0.3,0.032,0.024,42.88
05 December 1989,5,12,1989,16,363.909,99.984,1.5,5.4,3.1,57,20.71412,0.05,101,42,59,1.5,317.55,2.557,101.796,78.147,0.9,0.024,0.015,3.29
06 March 1990,6,3,1990,16,519.064,87.486,1.1,4.9,-9.7,72,8.57136,0.05,212,19,193,1.1,400.2,6.9039,78.842,96.2442,0.7,0.14,0.016,-26.19
05 June 1990,5,6,1990,16,425.971,83.32,10.7,5.7,10.14,62,21.4284,0.05,31,12,19,10.7,339.3,2.557,100.798,81.4374,0.2,0.021,0.025,61.53
04 September 1990,4,9,1990,16,279.279,91.652,2,5.5,5.31,45,1.285704,0.05,99,52,47,2,261,2.557,86.826,54.2916,0.5,0.037,0.025,10.09
04 December 1990,4,12,1990,16,417.508,154.142,0.1,5.5,5.31,60.4,30.71404,0.05,110,34,76,0.1,404.55,2.557,127.744,88.0182,0.9,0.045,0.025,-2.63
05 March 1991,5,3,1991,16,445.718,95.818,1.5,4.78,-14.27,68,16.42844,0.02,378,87,291,1.5,352.35,5.3697,67.864,87.1956,0.7,0.056,0.015,-39.85
04 June 1991,4,6,1991,16,473.928,87.486,2.3,5.6,7.63,63,1.285704,0.02,51,13,38,2.3,382.8,2.557,116.267,86.373,4.6,0.068,0.055,14.91
03 September 1991,3,9,1991,16,389.298,83.32,2.6,5.88,15.45,54.6,1.285704,0.02,5,2.5,2.5,2.6,317.55,2.557,93.313,64.9854,0.05,0.047,0.04,28.17
03 December 1991,3,12,1991,16,423.15,99.984,2.6,5.21,-1.13,60.76,14.2856,0.02,78,47,31,2.6,334.95,2.557,88.323,76.5018,0.8,0.04,0.015,7.13
03 March 1992,3,3,1992,16,228.501,77.071,2.5,5.1,-3.81,47.2,5.71424,0.02,154,127,27,2.5,217.5,6.6482,37.425,45.243,0.5,0.03,0.02,4.44
02 June 1992,2,6,1992,16,143.871,102.067,4.2,4.8,-13.44,33,11.42848,0.02,205,37,168,4.2,178.35,2.557,40.419,41.13,0.7,0.048,0.04,-13.21
01 September 1992,1,9,1992,16,304.668,79.154,2.7,4.78,18.4,45.45,1.285704,0.02,51,34,17,2.7,274.05,2.557,72.355,59.2272,0.6,0.031,0.03,28.66
01 December 1992,1,12,1992,16,270.816,77.071,1.9,5.2,-1.4,40,9.28564,0.02,131,54,77,1.9,239.25,2.557,56.387,55.1142,0.9,0.042,0.035,-1.41
02 March 1993,2,3,1993,16,327.236,91.652,1.4,5.4,2.4,46.41,7.85708,0.02,71,34,37,1.4,278.4,2.557,78.343,69.921,0.8,0.048,0.02,4.59
01 June 1993,1,6,1993,16,234.143,91.652,2.3,4.7,-21,39,5.71424,0.03,192,101,91,2.3,221.85,2.557,55.389,57.582,1.6,0.035,0.02,-20.76
07 September 1993,7,9,1993,16,256.711,87.486,1.5,5.8,16.4,41,1.285704,0.02,39,15,24,1.5,243.6,2.557,69.86,51.8238,,0.023,0.035,21.23
07 December 1993,7,12,1993,16,205.933,74.988,3.2,5,-2.4,38,7.85708,0.02,220,78,142,3.2,174,2.557,46.906,53.469,0.6,0.038,0.02,-3.78
28 February 1994,28,2,1994,16,208.754,89.569,1.6,4.8,-8.4,39,15.71416,0.026,170,83,87,1.6,213.15,6.1368,39.92,48.5334,0.4,0.031,0.015,-10.87
07 June 1994,7,6,1994,16,169.26,93.735,3.6,4.9,-7,34.5,1.285704,0.02,210,94,116,3.6,187.05,2.557,39.421,39.4848,0.5,0.031,0.02,-3.69
06 September 1994,6,9,1994,16,239.785,89.569,3.9,5.4,17.6,35,1.285704,0.02,106,24,82,3.9,221.85,2.557,60.878,48.5334,0.3,0.028,0.045,26.04
06 December 1994,6,12,1994,16,220.038,81.237,2.46,5.2,-1.4,34,13.57132,0.02,124,27,97,2.46,208.8,2.557,53.393,46.8882,0.8,0.027,0.03,-1.11
07 March 1995,7,3,1995,16,372.372,72.905,1.3,5.02,-1.6,48,11.42848,0.02,180,2.5,180,1.3,304.5,2.557,59.88,68.2758,0.6,0.053,0.015,-15.75
06 June 1995,6,6,1995,16,321.594,83.32,2.7,5.61,6,46,1.285704,0.005,60,40,20,2.7,291.45,2.557,70.858,65.808,0.1,0.033,0.025,17.28
05 September 1995,5,9,1995,16,189.007,93.735,4.6,5.48,0.6,29,14.2856,0.005,111,63,48,4.6,200.1,2.557,65.369,41.9526,0.7,0.034,0.015,15.97
05 December 1995,5,12,1995,16,304.668,91.652,2.4,5.5,8,64,14.2856,0.005,73,51,22,2.4,274.05,2.557,85.329,69.0984,1,0.029,0.04,17.56
05 March 1996,5,3,1996,16,338.52,97.901,0.9,5.91,14,49,25.71408,0.002,47,30,17,0.9,317.55,2.557,99.8,78.9696,0.9,0.033,0.015,16.61
04 June 1996,4,6,1996,16,222.859,89.569,3.1,5.65,6,32,24.28552,0.002,92,68,24,3.1,230.55,3.0684,66.367,55.1142,0.5,0.022,0.025,18.83
03 September 1996,3,9,1996,16,276.458,87.486,3.5,6.04,34.4,39,1.285704,0.002,33,32,2.5,3.5,252.3,3.3241,81.337,60.8724,0.1,0.054,0.08,51.62
03 December 1996,3,12,1996,16,253.89,62.49,2,5.09,-7,29,4.28568,0.002,179,135,44,2,204.45,5.3697,46.407,54.2916,0.5,0.036,0.03,-2.89
04 March 1997,4,3,1997,16,417.508,89.569,1.4,5.08,-5.4,58,21.4284,0.002,180,49,131,1.4,330.6,5.3697,80.339,84.7278,0.8,0.072,0.055,-13.66
03 June 1997,3,6,1997,16,417.508,87.486,3.7,6.01,15.4,58,1.285704,0.002,25,24,2.5,3.7,348,3.0684,89.321,75.6792,,0.045,0.08,33.62
02 September 1997,2,9,1997,16,253.89,74.988,3.6,5.44,13,38,1.285704,0.002,172,85,87,3.6,234.9,2.3013,58.383,53.469,0.3,0.05,0.055,19.53
02 December 1997,2,12,1997,16,259.532,83.32,2.4,5.79,8.4,33,22.85696,0.002,127,96,31,2.4,234.9,4.0912,61.377,54.2916,1,0.045,0.035,16.96
03 March 1998,3,3,1998,16,203.112,58.324,3.8,4.84,-18,24,14.99988,0.002,211,158,53,3.8,174,6.3925,21.457,31.2588,0.3,0.022,0.025,-6.79
02 June 1998,2,6,1998,16,332.878,77.071,2.16,6,18,45,1.285704,0.002,28,22,6,2.16,282.75,2.8127,76.347,64.9854,,0.053,0.065,28.13
01 September 1998,1,9,1998,16,270.816,77.071,2.56,5.84,14,29,1.285704,0.002,72,69,2.5,2.56,239.25,1.7899,62.375,51.0012,0.2,0.033,0.055,26.47
01 December 1998,1,12,1998,16,355.446,79.154,1.91,5.06,-7,44,19.99984,0.002,158,44,114,1.91,300.15,4.6026,67.365,73.2114,0.8,0.053,0.02,-11.07
02 March 1999,2,3,1999,16,234.143,54.158,1.89,4.76,-19.6,37,9.99992,0.002,170,124,46,1.89,208.8,6.9039,26.946,40.3074,0.4,0.024,0.03,-16.21
01 June 1999,1,6,1999,16,361.088,77.071,1.53,5.8,9.6,51,4.28568,0.01,32.2,29,2.5,1.53,304.5,3.0684,75.349,69.921,0.2,0.029,0.025,16.89
07 September 1999,7,9,1999,16,253.89,79.154,2.92,6.03,15,31,10.7142,0.015,75,66,9,2.92,234.9,4.0912,68.363,55.1142,0.5,0.03,0.04,28.6
07 December 1999,7,12,1999,16,423.15,72.905,5.6,4.93,-10.4,53,26.214076,0.002,181,81,100,5.6,348,7.1596,73.353,92.1312,0.8,0.061,0.035,3.69
07 March 2000,7,3,2000,16,231.322,60.407,2.37,5.11,-3.4,37,7.571368,0.002,152,112,40,2.37,208.8,5.6254,38.922,43.5978,0.5,0.03,0.025,2.82
06 June 2000,6,6,2000,16,262.353,72.905,2.37,5.76,10.6,38.5,4.64282,0.005,84.9,73,11.9,2.37,239.25,2.8127,56.387,50.1786,0.3,0.031,0.031,21.13
05 September 2000,5,9,2000,16,265.174,68.739,5.9,5.72,20,35.6,5.499956,0.002,115,104,11,5.9,243.6,3.0684,76.846,54.2916,0.4,0.034,0.126,48.28
04 December 2000,4,12,2000,16,236.964,56.241,2.9,5.23,-3,37.2,12.14276,0.002,112,74,38,2.9,195.75,5.8811,45.409,50.1786,0.6,0.031,0.018,5.83
01 March 2001,1,3,2001,16,0,0,,,,,,,,,,,0,0,0,0,,,,
04 June 2001,4,6,2001,16,225.68,74.988,3.27,5.96,21,32,2.928548,0.002,67,64,2.5,3.27,230.55,4.3469,56.886,47.7108,0.05,0.016,0.047,37.02
31 August 2001,31,8,2001,16,253.89,70.822,2.41,6.12,37.6,39,1.285704,0.002,47,24,23,2.41,239.25,3.0684,69.86,55.1142,0.05,0.032,0.06,47.09
05 December 2001,5,12,2001,16,174.902,56.241,2.77,5.81,15.4,25,13.57132,0.002,162,138,24,2.77,169.65,6.3925,38.423,44.4204,0.5,0.026,0.03,26.58
04 March 2002,4,3,2002,16,344.162,68.739,2.86,5.35,6,45,29.071196,0.002,141,59,82,2.86,274.05,6.3925,67.365,72.3888,0.7,0.061,0.03,9.7589
07 June 2002,7,6,2002,16,344.162,66.656,2.33,5.74,15,48,9.99992,0.002,81,52,29,2.33,308.85,4.0912,73.353,73.2114,0.2,0.0424,0.039,23.4278
04 September 2002,4,9,2002,16,344.162,72.905,3.15,5.92,23.6,47,2.14284,0.002,53,38,15,3.15,282.75,3.3241,70.858,63.3402,0.05,0.023,0.047,37.6833
02 December 2002,2,12,2002,16,327.236,68.739,2.9,4.91,-10.6,47,24.28552,0.002,220,149,71,2.9,269.7,7.1596,55.389,70.7436,0.5,0.04,0.022,-5.4389
05 March 2003,5,3,2003,16,214.396,62.49,2.35,5.37,1.4,30,17.857,0.004,164,128,36,2.35,208.8,6.6482,41.916,51.0012,0.52,0.024,0.022,7.975
28 June 1990,28,6,1990,21,378.014,106.233,2.5,4.59,-28,73,28.999768,,465,44,421,2.5,313.2,16.1091,51.896,82.26,0.2,0.025,0.03,-63.53
06 September 1990,6,9,1990,21,315.952,99.984,3.8,4.72,-21,55,12.999896,,398,58,340,3.8,278.4,14.0635,43.413,67.4532,0.2,0.022,0.035,-41.68
06 December 1990,6,12,1990,21,270.816,97.901,3.4,4.65,-24,49,21.999824,,338,101,237,3.4,252.3,11.7622,36.926,57.582,1.5,0.02,0.035,-35.03
07 March 1991,7,3,1991,21,259.532,70.822,2.3,4.53,-33,67,47.85676,,466,72,394,2.3,226.2,10.9951,97.804,75.6792,0.9,0.119,0.285,-66.43
05 June 1991,5,6,1991,21,248.248,106.233,2.6,4.59,-31,55,32.999736,0.0025,410,64,346,2.6,239.25,9.7166,35.928,57.582,5.4,0.018,0.02,-57.74
04 September 1991,4,9,1991,21,259.532,110.399,3.4,4.73,-22,54,21.999824,0.026,332,29,303,3.4,265.35,11.2508,31.437,40.3074,0.05,0.016,0.015,-40.37
04 December 1991,4,12,1991,21,315.952,118.731,2.9,4.68,-28,57,24.9998,0.0025,402,69,333,2.9,282.75,12.2736,0,63.3402,1.4,0.022,0.03,-51.95
05 March 1992,5,3,1992,21,287.742,106.233,2.7,4.64,-25,60,30.999752,0.0025,416,94,416,2.7,261,12.0179,41.417,64.1628,1.4,0.021,0.03,-59.07
03 June 1992,3,6,1992,21,228.501,91.652,2.9,4.68,-22,48,17.999856,0.0025,511,133,378,2.9,221.85,10.9951,30.938,48.5334,0.4,0.014,0.026,-50.95
10 September 1992,10,9,1992,21,186.186,85.403,4.9,4.78,-20,41,9.99992,0.0025,297,68,229,4.9,195.75,8.4381,27.445,37.017,0.9,0.189,0.865,-23.39
17 December 1992,17,12,1992,21,208.754,81.237,3.8,4.75,-19,42,10.999912,0.0025,288,97,191,3.8,208.8,8.4381,27.445,43.5978,1.4,0.013,0.03,-23.12
03 March 1993,3,3,1993,21,355.446,95.818,2.3,4.67,-23,61,19.99984,0.0025,388,62,326,2.3,304.5,12.0179,44.411,73.2114,1.3,0.021,0.015,-48.87
09 June 1993,9,6,1993,21,245.427,102.067,3,4.62,-26,53,16.999864,0.0025,337,66,271,3,239.25,13.5521,31.437,51.8238,0.6,0.013,0.025,-42.61
08 September 1993,8,9,1993,21,180.544,93.735,4.6,4.74,-19,36,12.999896,0.0025,281,69,212,4.6,204.45,13.8078,28.443,38.6622,0.05,0.012,0.03,-21.86
09 December 1993,9,12,1993,21,222.859,110.399,4.2,4.6,-28,52,23.999808,0.0025,348,99,249,4.2,230.55,10.228,31.936,53.469,1.3,0.013,0.03,-36.77
09 March 1994,9,3,1994,21,321.594,106.233,1.4,4.55,-33,65,45.999632,0.0025,441,46,395,1.4,278.4,14.8306,41.916,70.7436,0.8,0.018,0.015,-70.59
06 June 1994,6,6,1994,21,332.878,99.984,2,4.6,-27,63,33.999728,0.0025,413,39,374,2,282.75,12.5293,44.91,69.0984,0.05,0.018,0.015,-59.56
08 September 1994,8,9,1994,21,282.1,95.818,3.5,4.74,-20,50,16.999864,0.0025,341,79,262,3.5,243.6,9.7166,35.429,52.6464,0.4,0.012,0.025,-33.36
08 December 1994,8,12,1994,21,259.532,97.901,4.2,4.68,-15,53,30.999752,0.0025,321,80,241,4.2,252.3,11.7622,33.932,52.6464,1.4,0.016,0.025,-22.88
07 March 1995,7,3,1995,21,152.334,35.411,3.4,4.71,-23,52,29.99976,0.0025,438,78,360,3.4,121.8,2.557,55.389,33.7266,0.3,0.019,0.07,-47.7
08 June 1995,8,6,1995,21,299.026,87.486,3.4,4.7,-20,60,30.999752,0.0025,311,54,257,3.4,278.4,8.1824,42.415,58.4046,0.2,0.016,0.015,-33.26
04 September 1995,4,9,1995,21,332.878,91.652,3.4,4.74,-18,61,17.999856,0.0025,280,18,262,3.4,304.5,15.0863,42.914,68.2758,0.2,0.018,0.025,-31.81
06 December 1995,6,12,1995,21,299.026,104.15,4.6,4.62,-24,63,44.99964,0.0025,419,61,358,4.6,295.8,12.2736,45.409,65.808,1.6,0.017,0.04,-43.08
05 March 1996,5,3,1996,21,400.582,108.316,2.2,4.57,-27,73,56.999544,0.0025,520,50,470,2.2,369.75,18.9218,53.892,92.9538,1.2,0.023,0.015,-69.32
04 June 1996,4,6,1996,21,259.532,114.565,4.1,4.51,-32,68,72.999416,0.0025,498,93,405,4.1,291.45,14.0635,45.908,70.7436,1,0.018,0.03,-58.55
04 September 1996,4,9,1996,21,256.711,110.399,4.4,4.72,-22,57,42.999656,0.0025,386,70,316,4.4,261,12.785,37.924,59.2272,0.3,0.015,0.04,-37.31
04 December 1996,4,12,1996,21,276.458,81.237,4.1,4.71,-22,53,24.9998,0.0025,342,97,245,4.1,256.65,11.7622,30.938,54.2916,1.4,0.014,0.03,-30.77
05 March 1997,5,3,1997,21,299.026,89.569,3,4.69,-22,59,35.999712,0.0025,359,74,285,3,265.35,12.5293,39.421,68.2758,1.3,0.021,0.025,-40.17
03 June 1997,3,6,1997,21,279.279,87.486,3.6,4.69,-22,57,29.99976,0.0025,344,57,287,3.6,261,12.2736,38.922,59.2272,0.8,0.016,0.025,-37.69
02 September 1997,2,9,1997,21,197.47,79.154,6.8,4.89,-12,42,13.999888,0.0025,298,119,179,6.8,208.8,9.4609,16.467,38.6622,0.4,0.01,0.075,-1.29
03 December 1997,3,12,1997,21,0,79.154,4.7,5.11,-4,54,27.999776,0.0025,356,136,220,4.7,256.65,25.3143,31.936,54.2916,1.3,0.017,0.035,-7.29
04 March 1998,4,3,1998,21,349.804,87.486,3.6,4.77,-17,57,28.999768,0.0025,326,62,264,3.6,274.05,20.7117,36.427,61.695,1.3,0.015,0.025,-30.13
02 June 1998,2,6,1998,21,256.711,91.652,4.2,4.7,-22,54,37.999696,0.0025,330,76,254,4.2,239.25,13.0407,35.429,54.2916,0.6,0.019,0.025,-31.32
02 September 1998,2,9,1998,21,135.408,66.656,6.8,4.87,-14,33,12.999896,0.0025,254,136,118,6.8,169.65,14.5749,19.461,27.1458,0.5,0.014,0.08,3.49
30 November 1998,30,11,1998,21,253.89,77.071,4.3,4.67,-22,47,23.999808,0.0025,292,94,198,4.3,234.9,9.9723,34.431,51.0012,1.4,0.026,0.055,-24.65
03 March 1999,3,3,1999,21,327.236,70.822,3.2,4.7,-23,55,25.999792,0.0025,331,58,273,3.2,265.35,10.9951,34.93,64.9854,1.5,0.02,0.03,-38.93
09 June 1999,9,6,1999,21,315.952,70.822,3,4.84,-14,54,25.999792,0.0025,288,51,237,3,269.7,13.5521,37.425,60.8724,0.8,0.016,0.0075,-26.83
08 September 1999,8,9,1999,21,234.143,74.988,5.2,4.8,-16,45,19.99984,0.0025,291,87,204,5.2,226.2,9.2052,28.942,45.243,0.4,0.03,0.075,-15.27
08 December 1999,8,12,1999,21,259.532,68.739,6.3,4.74,-18,48,23.999808,0.0025,288,93,195,6.3,261,12.2736,31.437,55.1142,1.4,0.019,0.035,-11.32
14 March 2000,14,3,2000,21,332.878,68.739,3.5,4.78,-18,54,27.999776,0.0025,330,60,270,3.5,282.75,15.0863,35.429,59.2272,1.3,0.018,0.02,-32.25
05 June 2000,5,6,2000,21,310.31,70.822,3.7,4.8,-17,51,22.999816,0.0025,326,71,255,3.7,256.65,14.3192,33.433,53.469,0.7,0.015,0.015,-28.68
30 August 2000,30,8,2000,21,287.742,66.656,3.8,4.91,-11,48,10.999912,0.0025,251,48,203,3.8,261,9.9723,29.94,49.356,0.3,0.012,0.037,-16.46
05 December 2000,5,12,2000,21,242.606,54.158,4.5,4.78,-15,44,12.999896,0.0025,234,88,146,4.5,221.85,12.2736,23.952,42.7752,1.4,0.016,0.052,-10.97
01 March 2001,1,3,2001,21,0,0,,,,,,,,,,,0,0,0,0,,,,
06 June 2001,6,6,2001,21,273.637,72.905,3.7,4.72,-21,53,35.999712,0.0025,283,32,251,3.7,247.95,10.9951,31.936,54.2916,0.05,0.019,0.035,-32.24
04 September 2001,4,9,2001,21,214.396,72.905,6.2,5.04,-6,44,20.999832,0.0025,251,68,183,6.2,221.85,15.5977,27.445,41.13,0.4,0.012,0.067,1.57
05 December 2001,5,12,2001,21,279.279,56.241,6,4.65,-23,48,17.999856,0.0025,212,95,117,6,247.95,14.8306,30.938,54.2916,1.2,0.027,0.05,-9
04 March 2002,4,3,2002,21,327.236,64.573,3.8,4.71,-21,59,24.9998,0.0025,307,68,239,3.8,291.45,12.2736,35.429,64.9854,1.6,0.033,0.049,-30.4556
12 June 2002,12,6,2002,21,267.995,64.573,4.1,4.72,-21,48,22.85696,0.0005,266,59,207,4.1,256.65,10.7394,27.944,49.356,0.9,0.0138,0.038,-25.55
16 October 2002,16,10,2002,21,174.902,64.573,6.2,4.86,-13,37,24.28552,0.0005,260,83,177,6.2,187.05,10.4837,19.96,34.5492,0.84,0.014,0.083,-4.7667
03 December 2002,3,12,2002,21,273.637,62.49,4.3,4.73,-19,48,22.85696,0.0005,264,68,196,4.3,213.15,12.5293,25.449,47.7108,1.15,0.028,0.034,-21.4278
03 March 2003,3,3,2003,21,279.279,70.822,3.4,4.73,-20,56,42.14252,0.0005,284,57,227,3.4,239.25,12.0179,35.429,63.3402,1.19,0.021,0.022,-29.9222
